from,to,w
0,1,2.1003719882178986
0,406,1.2793882937543368
1,0,2.203967200679084
1,2,2.99189646891237
1,429,1.244681595717464
1,528,1
1,665,1
1,835,1
2,1,3.019551378414959
2,3,1.7472609342279186
2,321,1.399426188451833
2,429,1
2,878,1
3,2,1.6097049721058558
3,4,1
3,264,1.526410056763479
3,276,1
3,483,1
4,3,1
4,5,1.0074176657656482
4,244,1.0061813881380401
5,4,1.169607980793991
5,6,1.2544119711909865
6,5,1.0152239187733003
6,7,1
7,6,1
7,8,1
7,375,1
8,7,1
8,9,1.3002492913804007
9,8,1.2543516550089278
9,10,1.564971482637544
9,270,1
10,9,1.79623813346518
10,11,1.9843915549979048
11,10,1.7846636036096726
11,12,1.701412608646631
12,11,2.235777903853269
12,13,1.4961858722725665
13,12,1.0755890069279996
13,14,1
13,719,1
14,13,1
14,15,1
14,394,1
15,14,1
15,16,1
16,15,1
16,17,1.5670566737247307
17,16,1.5683995034983793
17,18,1
17,703,1
17,877,1
18,17,1
18,19,1
19,18,1
19,20,1
20,19,1
20,21,1
21,20,1
21,22,1
22,21,1
22,23,1.7887167911783204
23,22,1.5319159044666224
23,24,1
24,23,1
24,25,1.0163811854257951
24,482,1
25,24,1.0084404695758082
25,26,1
26,25,1
26,27,2.1293410139184457
26,482,1
27,26,1.6497837845219188
27,28,1.801726470498792
27,446,1
28,27,1.865654073220432
28,29,1.4231912070181334
28,263,3.069654405962358
28,317,1.2777192296056499
28,451,1
28,471,1
28,987,1
29,28,1.078011181061572
29,30,1
29,273,1
30,29,1
30,31,1.2525515773559084
31,30,1.4023718704123402
31,32,1
31,273,1
31,402,1
32,31,1
32,33,1.1042060714989064
32,213,1
32,359,1
33,32,1.160323142984588
33,34,1.325477146264928
33,282,1
33,359,1
33,370,1.1425094604307449
34,33,1.224086720309712
34,35,1.1349757469686816
34,213,1.0976245996258527
35,34,1.3940800211387827
35,36,1.3436645153935056
35,359,1
35,886,1
36,35,1.421312065884462
36,37,2.5614961931664473
36,218,1
36,723,1
37,36,2.252351944331266
37,38,1.364007353026023
38,37,1.6801135234849454
38,39,1
38,213,1
39,38,1
39,40,1
39,452,1
40,39,1
40,41,1
41,40,1
41,42,1.2614535282555257
41,330,1.187877619437602
42,41,1.4530697804642554
42,43,1
43,42,1
43,44,1
44,43,1
44,45,1
44,210,1
45,44,1
45,46,1.535039769489273
46,45,1.496434384226072
46,47,1
47,46,1
47,48,2.4091568822070455
48,47,1.212780093174928
48,49,1
49,48,1
49,50,1
50,49,1
50,51,1
51,50,1
51,52,1
51,340,1
52,51,1
52,53,1
53,52,1
53,54,1.5223312813925736
53,342,1
54,53,1.237974384987595
54,55,1.2433294700787687
55,54,1.6638125579486993
55,56,1
56,55,1
56,57,1
56,342,1
57,56,1
57,58,1
58,57,1
58,59,1.6082400763970224
59,58,1.9496003347584507
59,60,1.5026397314020994
59,732,1
60,59,1.3293536409110094
60,61,1.2451168435799302
61,60,1.1040061150908957
61,62,1.0973550139743966
61,234,1.0783398626533918
61,445,1
62,61,1.3058303242495022
62,63,2.5811729307957814
63,62,1.25637197828961
63,64,1
64,63,1
64,65,1
65,64,1
65,66,1
66,65,1
66,67,1.682568825002566
66,275,1.330795979681875
67,66,1.270350726077914
67,68,1.9014987602739837
67,221,3.13787603386044
67,306,1
68,67,2.4710005555241548
68,69,1
68,356,1.4541106439803542
68,469,1.3158864108194561
68,478,1
68,583,1
68,712,1
69,68,1
69,70,1
69,201,1
69,261,1
69,285,1.3625184856536605
69,475,1
70,69,1
70,71,1
70,285,1
71,70,1
71,72,1.8620194513319812
72,71,1.0065778574576771
72,73,1.0030678141285727
73,72,1.103071272152235
73,74,1.0830764296811541
73,396,1
74,73,1.5318813355699865
74,75,1.453276616073466
74,241,1
75,74,1.2340102430741215
75,76,1
75,327,1
75,396,1
76,75,1
76,77,1
76,241,1
77,76,1
77,78,1
78,77,1
78,79,1
79,78,1
79,80,1
80,79,1
80,81,1
81,80,1
81,82,1
82,81,1
82,83,1
83,82,1
83,84,1.1979597732410485
84,83,1.1440348928775692
84,85,1.099966904436561
85,84,1.4053574235440953
85,86,1.7938082573486676
85,206,1.2041288909257828
85,259,1
85,381,1
85,659,1
86,85,1.2309983070293475
86,87,1.3653710563872643
86,340,1.1563483377351378
86,614,1
87,86,1.5905766190632065
87,88,1.5702112488356954
88,87,1.3941714947660382
88,89,1
89,88,1
89,90,1.4818268859219785
90,89,2.5729425179863514
90,91,1
90,263,1.8680311175645143
90,884,1
91,90,1
91,92,1.5571968412123107
91,357,1
91,485,1
91,697,1
91,731,1
92,91,1.1427428646769175
92,93,1.1586031829743528
93,92,1.2829609858503825
93,94,1
94,93,1
94,95,1
94,263,1.6537158465971344
95,94,1
95,96,1
96,95,1
96,97,1
97,96,1
97,98,1
98,97,1
98,99,1
99,98,1
99,100,1
100,99,1
100,101,1.4764533115266745
100,237,1.3134034481153751
101,100,1.358972151005936
101,102,1.4402587588913245
101,246,1.2393147673372908
102,101,1.3631690663121796
102,103,2.397657442656166
102,230,2.1522560468604617
103,102,2.8124387454408653
103,104,2.2484987602116435
103,335,1.4592575291210885
103,350,1
103,443,1
103,893,1
104,103,1.2258012154748634
104,105,1.086934643155922
105,104,1.3885979177154075
105,106,1.341434740799402
106,105,1.2009140560545153
106,107,1.1913467200519192
107,106,1.6623368827600173
107,108,1
107,249,1
108,107,1
108,109,1
109,108,1
109,110,1
110,109,1
110,111,1
111,110,1
111,112,1
112,111,1
112,113,1.2761625281837365
113,112,1.0986031964043192
113,114,1
114,113,1
114,115,1.2169320752511992
114,260,1
114,262,1
114,301,1
115,114,1.183710750044709
115,116,1.2571950500625926
116,115,1.3082692914859293
116,117,1
116,260,1.3564053617127922
116,301,2.433311454659601
116,760,1.171260717492183
116,936,1
117,116,1
117,118,1.5484718530887815
118,117,1.4235775730400348
118,119,1
118,565,1
119,118,1
119,120,1.1166589796081048
119,260,1.248245594700133
120,119,1.31570680260757
120,121,1
121,120,1
121,122,1.5646265980578402
122,121,1.280625691714869
122,123,1.5341834687678155
122,238,1
123,122,1.3983397980688363
123,124,1.2145975707217151
123,846,1
124,123,1.3063342550587964
124,125,1
125,124,1
125,126,1
125,467,1
126,125,1
126,127,1
127,126,1
127,128,1.5614778873455966
128,127,1.4891028998891847
128,129,1
128,576,1
129,128,1
129,130,1
129,297,1
130,129,1
130,131,1
130,212,1.2711831349701348
130,217,1
131,130,1
131,132,1
131,212,1.0044836741799053
131,730,1
132,131,1
132,133,1.1555696181491188
133,132,1.0304098611589805
133,134,1
134,133,1
134,135,1
134,257,1
135,134,1
135,136,1
136,135,1
136,137,1.0526163111034033
136,705,1
137,136,1.5751746516380165
137,138,1
137,225,1.4260552975096419
137,311,1
137,370,1
137,532,1
137,700,1
138,137,1
138,139,1.253467779878228
138,221,2.657412782943344
138,225,1
138,254,1
138,286,1
138,444,1.1408154332656824
138,529,1
139,138,1.2714183533428025
139,140,1.9124741939611645
139,275,1.317361725010398
140,139,2.147884691240738
140,141,1
141,140,1
141,142,1.5810275613491669
142,141,1.0404042375787654
142,143,1
143,142,1
143,144,1
144,143,1
144,145,1.3096176767302625
145,144,1.1990006902734214
145,146,1
146,145,1
146,147,1.3891678237019938
147,146,1.1198505975736428
147,148,1
148,147,1
148,149,1
148,214,1
149,148,1
149,150,1
150,149,1
150,151,1
151,150,1
151,152,1
152,151,1
152,153,1.0905612173521324
153,152,1.230363977503262
153,154,1.230363977503262
154,153,1.08619482729886
154,155,1
155,154,1
155,156,1.0552865463495156
155,414,1
155,447,1
156,155,1.555495066181307
156,157,1
157,156,1
157,158,1
158,157,1
158,159,1
159,158,1
159,160,1.2872624937811974
159,320,1
159,701,1
160,159,1.0757947664647811
160,161,1.0909537197577373
161,160,1.007445301204168
161,162,1
162,161,1
162,163,1.1355635260068175
163,162,1.5503718556978283
163,164,1
163,211,1
163,220,1
163,921,1
164,163,1
164,165,1.0225538680319828
164,316,1
164,772,1
165,164,1.2637703266545008
165,166,1
166,165,1
166,167,1
166,202,1.0049908096021292
166,434,1
166,530,1
167,166,1
167,168,1
167,202,1
168,167,1
168,169,1.2042681403902453
168,434,1.0849651037071468
169,168,1.7842902743353672
169,170,2.2831866635510236
169,369,1
170,169,1.1270484072499982
170,171,1.0431204689695668
170,400,1
170,691,1
171,170,1.3893611902180498
171,172,1.4350443729370939
172,171,1.1648820243594318
172,173,1.2922133806986904
172,202,1.114070186839275
173,172,1.8602557609325459
173,174,2.0797962497985756
173,424,1
174,173,1.9912937848584933
174,175,2.1019615187278107
175,174,1.1636868780490797
175,176,1.2146470389439197
176,175,1.3072827108554803
176,177,1
176,680,1
177,176,1
177,178,1.725628147388991
178,177,1.7065867302652848
178,179,1.2232864730658215
179,178,1.524826795537285
179,180,1
179,274,1.3438109325073837
179,395,1.4142434432766535
180,179,1
180,181,2.2004014193272727
181,180,2.0608368480962604
181,182,1
182,181,1
182,183,1
182,817,1
183,182,1
183,184,1
184,183,1
184,185,1
185,184,1
185,186,1
186,185,1
186,187,1
187,186,1
187,188,1
188,187,1
188,189,1.0581264597063682
189,188,1.3042085133176284
189,190,1.3380094592418093
190,189,1.0363883966934229
190,191,1
190,634,1
191,190,1
191,192,1.9999705193610804
192,191,1.847695511237188
192,193,1.1624927508188554
192,398,1.708449943646674
192,604,1
192,687,1
193,192,1.5733649313294817
193,194,1
193,207,1
193,320,1
193,398,1
193,399,1
193,533,1
193,742,1
194,193,1
194,195,1.2245519529714968
195,194,1.5705867740962907
195,196,1.5705867740962907
195,398,2.028748109109185
195,722,1
196,195,1.168704571078903
196,197,1.2586410034628477
196,722,1
197,196,1.5490244706669853
197,198,1
197,207,1.1914408567426389
197,228,1
197,352,1
198,197,1
198,199,1.6014768001629043
199,198,1.0949303317901333
200,103,1.072939458851573
200,54,1.0710761133972668
200,144,1
200,211,1.0430493051252854
200,217,1
200,220,1
200,240,1
200,386,1
200,391,1
200,708,1
201,67,1
201,68,1.2251010121246697
202,168,1.7463141696972306
202,169,1
202,170,2.6595816630073177
202,171,1
202,317,1
202,369,1.6103810591731986
202,877,1
202,951,1
203,3,1
203,11,1
203,270,1
204,2,1
204,244,1
205,142,1
205,102,1
205,119,1
206,86,1
206,51,1
206,87,1.068563491208829
206,340,1.0145487318137674
206,383,1
206,689,1
207,196,1
207,195,1.1238682650645822
207,194,1
207,228,1.1339150363501718
207,292,1.1340868905314263
207,447,1
207,533,1
207,780,1
208,54,1
209,87,1
209,135,1
209,413,1
210,45,1
210,9,1
210,10,1.2192327144532862
210,190,1.2484596598834217
210,270,1
210,417,1
210,452,1
210,473,1
210,829,1
211,103,1.9210870971967604
211,165,1
211,164,1.4907934374739125
211,162,1.24796027037279
211,217,1
211,230,1.3854481405436954
211,240,1.0783256593317578
211,249,1.1894028738989952
211,380,1
211,426,1
211,513,1
211,577,1
211,852,1
212,211,1.3689244954418194
212,129,1
212,103,1.5361560979351947
212,162,1.361670652109294
212,217,1.1557461722240536
212,382,1
212,411,1.089221395955631
212,439,1
212,602,1
213,36,1.6699813941563868
213,35,1.3510741404157192
213,33,1
213,37,2.2020044232535496
213,252,1.552441446248649
213,366,1
213,813,1
213,949,1
214,147,1
214,146,1
215,15,1
216,177,1
216,60,1
217,103,1
217,104,1
217,131,1.3556570759106075
217,102,1.3391085810284349
217,54,1
217,237,1
217,249,1
217,295,1
217,334,1
217,380,1
217,389,1
217,432,1
217,439,1
217,484,1
217,730,1
217,737,1
217,948,1
218,121,1
218,213,1
218,37,1
218,227,1.290897947141089
218,742,1
219,137,1
220,54,1.770421418860511
220,53,1
220,211,1.5147086519910427
220,329,1
220,334,1
220,456,1
220,811,1
221,137,1.839177143845976
221,68,4.788991506768117
221,201,2.4948473436216427
221,139,3.5783134448566924
221,370,1.5066064611491787
221,440,1
221,526,1
221,567,1
221,588,1.465685423534108
222,68,1
223,62,1
223,103,1.1889656978015288
223,229,1
223,236,1
223,242,1
223,287,1
223,531,1
224,76,1
225,201,1
225,221,2.2693791714548723
225,68,1.385355022466961
225,286,1
225,297,1.3218654835697379
225,454,1
226,191,1
226,197,1
226,252,1
226,343,1
226,548,1
227,213,1.4807027606959133
227,36,2.13768774844357
227,794,1
228,199,2.5380410713008144
228,198,1.366779388878085
228,196,1.4737061674700063
228,533,1
228,590,1
229,62,1
229,139,1
229,221,2.283707363184805
229,234,1
229,251,1
229,297,1
229,356,1
229,433,1
229,540,1
229,627,1
229,778,1
229,900,1
229,926,1
230,101,1.2216958703924514
230,100,1
230,217,1
230,411,1
230,726,1
230,908,1
231,1,1
232,93,1
233,220,1
233,225,1
234,60,1.278934213038326
234,59,1
234,62,1.5516839555642052
234,368,1.1066684403892104
234,575,1
234,607,1
234,706,1
235,201,1
236,28,1
236,62,1.0528031355697678
236,63,1
237,102,1
237,177,1.1348656459858675
237,230,1
237,103,1.3898479432604038
237,242,1
237,295,1
237,733,1
238,123,1
238,124,1
238,243,1
239,221,1
239,634,1
239,794,1
240,220,1
240,54,1
240,164,1
240,249,1
240,265,1
240,334,1
240,346,1
240,431,1
240,726,1
240,811,1
240,831,1
241,73,1.2634582854324163
241,72,1.9487432681468877
241,75,1
242,89,1
242,63,1
242,62,1
242,103,1
242,82,1
243,122,1.029349661761372
243,123,1
243,618,1
244,2,1
244,3,1
244,5,1
245,48,1
246,230,1
246,73,1
246,102,1
247,194,1
247,221,1
247,103,1
247,326,1
248,63,1
249,105,1
249,106,1
249,104,1
249,212,1
249,162,1.2448009960116433
249,694,1
250,242,1
251,139,1
251,140,1.012984830679517
252,36,1.4197322035354052
252,197,1
252,189,1.399018200173604
252,227,3.4068618749620283
252,196,1
252,366,1.2145032556497226
252,402,1.2463238407619481
252,504,1
252,760,1
252,823,1.1906695605775313
253,142,1
253,593,1
254,221,1.0894769033418288
254,54,1.0963672625331302
254,55,1
255,228,1
255,301,1
256,146,1
257,133,1
257,132,1
258,195,1
259,83,1
259,84,1
260,118,1
260,117,1
260,120,1.3684581189419585
260,115,1.3204571778009382
260,551,1
260,587,1
261,221,1.062688566236648
261,68,1
261,354,1
261,942,1
262,112,1
262,113,1
263,92,2.570090547408199
263,93,2.126759844703682
263,29,1.2995442954965284
263,91,1
263,27,2.495569347230974
264,1,1
264,2,1.50852887981788
264,220,1.2247530541198064
264,812,1
265,264,1.4442906639933
265,220,1
265,666,1
266,111,1
267,41,1
267,181,1
267,395,1
268,185,1
269,102,1
270,45,1
270,46,1
270,10,1.600056017241082
270,11,1.5814081293205078
270,388,1
271,221,1
271,37,1
271,326,1
271,467,1
271,500,1
271,529,1
272,199,1
272,75,1
273,32,1
273,33,1
273,30,1
273,282,1.0403939566834317
274,181,1.0432046921898332
274,180,1.0840155054286984
275,128,1.6742779766054732
275,68,1
275,221,4.967376552827846
275,67,1.3238603062491114
275,297,1
275,372,1
275,444,1
275,568,1
275,646,1
275,900,1
275,928,1
276,0,1
276,2,1
276,1,1
277,103,1
278,252,1
278,156,1
278,309,1
279,69,1
280,127,1
281,45,1
282,29,1
282,28,1
282,263,1
282,357,1
282,427,1
282,516,1
283,201,1
284,206,1
285,71,1.4356477382746626
285,72,1.7798803283706828
285,241,1.1820458014228203
285,468,1
285,711,1
286,221,1.191836647216458
286,68,1
286,67,1
286,984,1
287,234,1.1035618903808662
287,62,1.2724308241418072
288,104,1
289,170,1
290,54,1
291,211,1
291,82,1
292,228,1.0841772369207103
292,199,1.116135389564545
293,221,1
293,36,1
294,234,1
295,177,1
295,178,1
295,103,1
295,531,1
296,40,1
296,144,1
297,251,1
297,140,1
297,221,8.31868982345724
297,67,1.3984650629083708
297,128,1
297,501,1
297,729,1
297,743,1
297,901,1
297,949,1
297,984,1
297,997,1
298,221,1
298,596,1
298,844,1
299,129,1
300,33,1
301,260,3.322147133015677
301,228,1
301,207,2.786691498576064
301,198,2.3257098375334144
301,115,1.4162550323006937
301,587,1.734648997333313
301,631,1.6206671118308018
301,641,1.2950329789759134
301,845,1.2360263831807308
301,872,1
301,883,1
302,230,1
303,240,1
304,82,1
305,140,1
306,139,1
306,221,1
306,379,1
306,410,1
307,197,1
308,207,1
308,67,1
308,15,1
309,156,1
309,155,1
310,189,1
311,68,1
311,39,1
311,165,1
311,221,1
312,263,1
313,221,1
313,867,1
314,102,1
314,273,1
315,1,1
315,92,1
316,249,1
316,211,1
316,349,1
317,263,1.9362525812167717
317,169,1
317,90,1
317,168,1
317,369,1
317,815,1
317,869,1
318,213,1
319,87,1
319,393,1
319,413,1
320,161,1
320,160,1
320,191,1.5677643983348508
320,192,1.2189840957207536
320,497,1
321,4,1
321,244,1.0420788870978548
321,625,1
322,202,1
322,668,1
323,2,1
323,464,1
324,237,1
324,83,1
325,67,1
326,221,1
326,67,1
326,139,1
327,74,1
327,73,1
328,169,1
329,240,1
329,230,1
329,227,1
329,211,1
329,728,1
330,72,1
330,42,1
330,285,1.581475424916206
330,468,1
330,711,1
331,62,1
332,263,1
332,457,1
333,260,1
334,212,1.300385739996403
334,211,1.3284033592904656
334,54,1.435854420749485
334,103,1
334,350,1.1664530444138377
334,627,1
334,902,1
335,130,1.0413947890033333
335,212,1.0434583561803368
335,893,1
336,184,1
336,38,1
336,131,1
337,153,1
337,414,1
338,131,1
339,22,1
339,482,1
340,87,1
340,88,1
340,85,1
340,84,1
340,913,1
341,164,1
341,321,1
342,55,1
342,54,1.1832011721574553
342,151,1
342,334,1
343,191,1
343,320,1
344,23,1.0021209493626915
344,661,1
345,36,1
345,0,1
345,171,1
346,164,1
346,211,1
347,53,1
348,86,1
349,162,1
349,249,1
350,252,1
350,102,1.637066184155542
350,230,1
350,227,1
350,411,1
350,513,1
350,662,1
350,738,1
351,220,1
351,184,1
352,213,1
352,252,1
352,366,1
352,399,1.088870253579612
352,435,1
352,525,1.1781003151902063
352,794,1.1481170892993533
352,798,1
353,67,1
354,67,1
354,221,1
354,382,1
355,301,1
355,87,1
355,628,1
356,221,5.16580669272295
356,297,1.6773445763756527
356,138,1.2305673715029735
356,360,1.3725990426074173
356,712,1
356,916,1
356,935,1
357,92,1
357,292,1
357,263,1
357,228,1
358,301,1
358,447,1
358,888,1
359,36,1
359,137,1
359,213,1
359,221,3.6166370249218143
359,225,1
359,379,1
359,505,1.1837837388191823
359,860,1
360,221,5.478681699583138
360,201,1
360,334,1.3498335954547511
360,227,2.564329686904105
360,368,1.302846989877543
360,404,1.2961465720661671
360,505,1
360,525,1
360,627,1
360,630,1
360,646,1
360,727,1
360,741,1
360,867,1
360,902,1.2961465720661671
360,938,1
360,943,1
361,89,1
362,221,1
362,596,1
362,649,1
362,839,1
363,211,1
364,212,1
365,28,1
366,190,1
366,189,1
366,36,1
366,34,1
366,435,1
366,642,1
366,735,1
366,963,1
367,35,1
368,68,1
368,287,1
368,221,2.524686387745868
368,62,1
368,467,1
368,662,1
368,727,1
368,929,1
369,172,1.6178488348628215
369,173,1.3035167355188144
369,168,1.374497688288702
369,170,1
369,446,1.248473016997371
369,864,1
370,66,1.3460760657146995
370,275,1
370,359,1
370,138,1
370,392,1
370,811,1
371,158,1
372,68,1
372,227,1
372,225,1
372,771,1
373,4,1
374,10,1
374,244,1
375,5,1
375,6,1
376,135,1
377,320,1
378,369,1
379,221,1.4702586619899487
379,356,1
379,360,1
379,228,1
380,77,1
380,335,1
380,103,1
380,212,1
380,391,1
381,228,1
381,340,1
381,206,1
381,659,1
382,297,1
382,335,1
382,221,1
382,162,1
382,540,1
383,86,1
383,85,1
384,297,1
385,381,1
385,63,1
386,144,1
386,145,1.0351135305605603
387,174,1
387,263,1.0374105993928318
387,446,1
387,566,1
387,697,1
387,898,1
388,10,1
388,85,1
388,86,1.0822315980214716
389,53,1
389,54,1
390,15,1
391,254,1
391,54,1
391,103,1
392,87,1
392,33,1
392,297,1
392,206,1
392,486,1
393,87,1
393,206,1
394,13,1
394,12,1.066154660934255
395,180,1
395,181,1.2997314281633348
395,274,1
396,72,1.4431962391641535
396,285,1
396,241,1
396,116,1
396,418,1
396,448,1
396,465,1
396,760,1
396,786,1.2089999191903655
396,841,1
397,178,1
398,207,1.8983599889248244
398,292,1.7375185743706782
398,197,1.5978337159171652
398,301,2.637854193116594
398,497,1
398,591,1
398,623,1
398,780,1
399,11,1
399,398,1
399,12,1
399,197,1
399,573,1
399,623,1
399,765,1
400,166,1
400,202,1
401,155,1
401,263,1
401,460,1
401,674,1
402,218,1
402,273,1
402,106,1
402,282,1
402,227,1.2887262550504532
402,949,1
403,20,1
404,221,1.069323190873786
404,297,1
405,175,1
406,2,1.007140469341359
406,1,1.0063000834491573
407,263,1.0890220221815725
407,164,1
407,170,1.0724044476207693
407,450,1
407,451,1
407,455,1
407,520,1
407,697,1
407,731,1
407,769,1.1181844585151826
407,799,1
407,897,1
407,918,1
407,933,1
407,968,1
407,987,1
407,988,1
407,997,1
408,173,1
409,263,1
409,455,1
410,125,1
410,138,1
410,221,1.4323737859949315
410,388,1
411,103,1.1840025083205916
411,211,1.3152556822967718
411,220,1
411,104,1.1980255029329094
411,489,1
411,624,1
412,221,1
412,518,1
412,612,1
412,738,1
412,787,1
413,87,1
413,206,1
413,88,1
414,153,1
414,154,1
414,152,1
414,476,1
415,180,1
415,301,1
415,211,1.1120633015898407
415,708,1
416,220,1
417,11,1
417,270,1
418,241,1
418,27,1
418,72,1
419,103,1
419,29,1
420,169,1
421,221,1
422,28,1
423,119,1
423,34,1
423,221,1
424,174,1
424,175,1
424,64,1
424,434,1
424,593,1
425,154,1
426,177,1
426,334,1
426,178,1
427,263,1
427,93,1
427,292,1
427,446,1
427,451,1
427,460,1
427,515,1
427,547,1
427,601,1
427,695,1
427,772,1
427,884,1
427,918,1
427,937,1
428,129,1
429,265,1
429,264,1
429,0,1
429,55,1
430,24,1
430,15,1
431,196,1
431,220,1
431,211,1
432,100,1
432,237,1
433,62,1
433,63,1
434,369,1
434,78,1
434,172,1.3144132314182164
434,202,1.3096759905795137
434,173,1
434,885,1
435,189,1
435,188,1
435,252,1
436,263,1
437,227,1
437,243,1
437,197,1
437,37,1
437,504,1
437,564,1
437,798,1
438,103,1
439,103,1
439,102,1
439,211,1
440,136,1.0616771901785378
440,137,1
440,481,1
440,571,1
441,252,1
442,82,1
442,783,1
443,102,1
443,350,1
443,116,1
444,33,1
444,370,1
444,221,2.769715543721587
444,193,1
444,469,1.1741137744371648
444,501,1
444,849,1
445,60,1
445,16,1
445,17,1
445,202,1.1935220683951537
445,703,1.1808112777423028
446,174,2.2137460782326777
446,173,1.3684019239320298
446,263,3.3636312998935627
446,28,1
446,317,1
446,455,1
446,457,1
446,482,1
446,498,1
446,693,1
446,717,1
446,808,1
446,897,1
446,988,1
447,309,1
447,398,1
447,301,1.2425483339345005
447,195,1
447,260,1
447,565,1
447,823,1
448,330,1.1327488801945909
448,285,1
448,465,1
449,184,1
449,177,1
450,263,2.4631761264650613
450,188,1
450,446,1.133740719944342
450,691,1
450,692,1.0459493732322866
451,174,1
451,446,1
451,263,1.3462916846091662
451,173,1.2967523662304503
452,38,1
452,9,1.7332326952287618
452,10,1.4310388310151514
452,190,1
452,678,1
452,889,1
453,213,1
454,221,1.0012735255836929
454,137,1
455,263,1.3406437231440829
455,450,1
455,451,1
455,94,1
456,211,1
456,103,1
456,489,1
457,263,1.4235169845316944
457,388,1
457,86,1
457,87,1
458,230,1
459,63,1
459,212,1
460,263,1
460,90,1
460,89,1
460,928,1
461,446,1
461,227,1
461,130,1
462,275,1
463,228,1
464,176,1
464,2,1
464,175,1
465,330,1.2514782592922908
465,136,1
465,285,1
465,71,1
466,241,1
467,221,1.5225917014672354
467,410,1
467,275,1.2807445598970524
467,234,1
467,630,1
468,42,1
468,41,1
468,448,1
469,286,1
469,221,2.24415549376556
469,360,1.201906798775681
469,37,1
469,540,1.2202941996588474
469,554,1
469,614,1
470,98,1
471,174,1
471,446,1
471,48,1
471,496,1
472,434,1
473,9,1
473,452,1
474,468,1
474,15,1
474,168,1
475,285,1
475,104,1
475,72,1
475,545,1
476,156,1
476,155,1
477,260,1
477,252,1
478,254,1
478,221,1.1347453706128363
479,440,1
480,211,1
480,154,1
481,297,1
481,221,1
481,505,1
481,597,1
481,649,1
481,740,1
482,23,1
482,22,1
482,344,1
482,25,1
482,27,1
483,244,1
483,230,1
483,321,1
483,579,1
483,677,1.0771681729136784
484,54,1
484,342,1
485,27,1.2121867687426535
485,263,1.2400386773042114
485,987,1
486,34,1
486,33,1
487,36,1
488,66,1
489,103,1
489,237,1.355933809764133
489,212,1.2896565741978445
489,952,1
490,64,1
491,10,1
492,0,1
493,89,1
494,178,1
495,181,1
495,263,1
495,207,1
496,48,1
496,47,1
497,160,1
497,159,1
497,192,1
497,632,1
498,26,1
498,27,1
499,221,1
500,221,1
500,102,1
500,356,1
501,434,1
501,221,1.3172352617112342
501,168,1
501,138,1
501,885,1
502,398,1
502,124,1
502,639,1
503,221,1
503,152,1
503,69,1
503,518,1
504,230,1
504,227,1.4570540874202698
504,66,1
504,211,1
504,370,1
504,507,1
504,579,1
505,37,1
505,36,1
505,221,4.0895322449675415
505,198,1
505,227,2.314692307328751
505,696,1
505,762,1
505,837,1
505,887,1
505,902,1
506,227,1
507,249,1
507,211,1
507,121,1
508,154,1
508,379,1
509,275,1
510,109,1
510,73,1
511,9,1
512,369,1
513,102,1
513,101,1
513,334,1
514,192,1
515,174,1
515,446,1
515,127,1
516,227,1
516,402,1
516,671,1
517,230,1
518,221,1
518,359,1
518,360,1
518,789,1
519,263,1
519,311,1
519,489,1
519,520,1
520,92,1
520,263,1
520,170,1
520,356,1
521,478,1
522,137,1
523,221,1
523,759,1
524,252,1
525,213,1.2562676903366166
525,227,1.7235297608583409
525,37,1
526,227,1
526,505,1
526,564,1
527,206,1
527,27,1
528,0,1
528,2,1
528,321,1
528,5,1
529,221,3.0665523225926874
529,25,1
529,89,1.4916402385468828
529,297,1
529,368,1.2569151362279045
529,557,1
529,605,1
529,646,1
529,675,1
529,977,1
529,984,1
530,202,1
530,170,1
531,211,1
531,103,1
531,411,1
531,585,1
532,136,1
532,496,1.8050474268145433
532,440,1
532,776,1
533,398,1
533,292,1.3882397212459157
533,195,1
533,192,1
533,555,1
534,67,1
535,162,1
536,108,1
536,156,1
537,84,1
537,366,1
537,191,1
537,548,1
538,260,1
539,230,1
540,444,1.1227217316144955
540,143,1
540,138,1
540,356,1
540,221,1.7549589296094734
540,660,1
540,696,1.1244710905010793
540,740,1
540,845,1
540,849,1
541,188,1
542,11,1
543,212,1
544,196,1
545,327,1
545,285,1
545,125,1
545,69,1
546,460,1
547,451,1
547,173,1
548,191,1
548,192,1
548,398,2.3166060555115315
548,742,1
548,788,1
549,0,1
549,2,1
550,122,1
550,618,1
551,252,1
551,301,1.0141935038941827
551,116,1
551,872,1
552,275,1
552,169,1
553,292,1
554,38,1
554,37,1
555,398,1.427621474435434
555,221,1.535924179956755
555,529,1
555,567,1
555,582,1
555,586,1
555,591,1
555,666,1
555,743,1
555,942,1
556,368,1
556,381,1
557,221,1
557,68,1
558,505,1
559,67,1
559,89,1
560,237,1
561,297,1
562,89,1
563,132,1
564,107,1
564,36,1
564,227,1
564,360,1
564,596,1
564,837,1
565,260,1.3264901842461476
565,119,1
565,263,4.203713322459558
565,301,1.9538037765226317
565,808,1
565,822,1
565,904,1
565,971,1
566,140,1
566,263,1
566,455,1
567,297,1
567,68,1
567,356,1
567,301,1
567,565,1
568,478,1
568,221,1.068404940644595
569,359,1
570,183,1
571,496,1
571,113,1
571,532,1
572,447,1
573,265,1
573,270,1
573,11,1
573,699,1
574,120,1
575,58,1.042004598444847
575,59,1
576,297,1
576,321,1
576,221,1
577,446,1
577,230,1
577,450,1
578,297,1
578,35,1
578,926,1
579,66,1
579,230,1
579,67,1
579,101,1
580,47,1
580,24,1
581,301,1
582,221,1
582,565,1
582,359,1
583,142,1
583,221,1.0793596931603735
583,529,1
583,520,1.0452539237893954
583,759,1
583,789,1
583,935,1
584,297,1
585,104,1
585,411,1
586,221,1
586,360,1
587,62,1.4403056822126394
587,116,1
587,287,1
587,236,1
587,469,1
587,591,1
588,398,1
588,124,1
588,555,1
589,221,1
590,533,1.2221844375073367
590,199,1
590,292,1
591,68,1
591,221,1
591,469,1
591,360,1
592,211,1
593,142,1
593,175,1
593,174,1
593,176,1
594,237,1
594,67,1
595,411,1
596,221,1.90152031678389
596,360,1.1761322308257225
596,404,1
596,359,1
597,297,1
597,221,1
597,227,1
598,211,1
598,464,1
599,221,1
600,202,1
600,703,1
601,565,1
601,263,1.4475245560189816
601,54,1
601,654,1
602,335,1
602,130,1
603,394,1
604,590,1
604,533,1
605,221,1.2009746406394273
605,275,1
605,263,1
606,334,1
607,58,1
607,3,1
607,59,1
608,211,1
609,547,1
610,447,1
611,398,1
612,32,1
612,444,1
612,221,1
613,585,1
614,62,1
614,340,1
614,198,1
614,301,1
614,587,1
614,722,1
615,227,1
616,207,1
617,301,1
617,221,1
617,631,1
618,122,1
618,123,1
618,121,1
619,301,1
619,639,1
620,221,1
620,343,1
621,356,1
622,68,1
623,11,1
623,12,1
623,10,1
624,211,1
624,334,1
625,2,1
625,1,1
625,221,1.4853097110802524
625,924,1
625,933,1
626,263,1
626,158,1
627,413,1
627,568,1
627,221,1
627,297,1
627,359,1
628,301,1
628,207,1
629,179,1
629,817,1
630,221,1
630,555,1
630,275,1
631,64,1
631,398,1.612150429990813
631,207,1.6045151721086028
631,548,1
631,644,1
631,820,1
631,936,1
631,960,1
631,992,1
632,87,1
632,34,1
632,631,1
632,398,1
632,888,1
632,975,1
633,53,1
634,469,1
634,191,1
634,221,1.83521796657754
634,540,1
634,252,1
634,789,1
634,899,1
635,31,1
635,575,1
636,398,1
637,68,1
638,262,1
639,398,1.3258928623864996
639,631,1
639,301,2.2571148448518534
639,73,1
639,784,1
639,872,1
640,451,1
640,301,1
640,714,1
641,199,1
641,228,1
641,714,1
642,213,1
642,35,1
643,138,1
644,641,1
644,301,1
644,990,1
645,265,1
646,444,1
646,221,1
646,540,1
646,127,1
646,128,1
646,979,1
647,564,1
648,359,1
649,588,1
649,241,1
649,221,1.5048595142275505
649,625,1
649,785,1
650,227,1
651,263,1
652,45,1
653,234,1
653,80,1
654,263,1
654,565,1
654,664,1
654,987,1
655,221,1.2417154522336329
655,211,1
655,25,1
655,727,1
655,771,1
655,808,1
655,811,1
655,825,1
656,213,1
657,197,1
657,301,1
657,714,1
657,832,1
658,50,1
659,199,1
659,228,1
659,196,1
660,275,1
660,221,1
661,23,1
661,22,1
661,173,1
662,227,1
662,360,1
662,334,1
663,15,1
663,590,1
664,263,1.1775425955739238
664,164,1
664,450,1
665,0,1
665,406,1
666,429,1
666,1,1
666,359,1
666,221,1
666,800,1
666,812,1
667,85,1
668,170,1
668,202,1
669,334,1
670,105,1
671,525,1
671,227,1
671,335,1
672,567,1
672,66,1
673,356,1
673,22,1
674,48,1
674,42,1
674,155,1
674,47,1
675,139,1
675,221,1
676,631,1
677,618,1
677,264,1
677,3,1
677,699,1
678,270,1
678,10,1
678,295,1
679,63,1
680,10,1
680,177,1
680,452,1
680,60,1
680,828,1
681,395,1
682,398,1
682,234,1
683,197,1
684,274,1
684,149,1
684,237,1
685,398,1
685,29,1
686,191,1
687,398,1
687,207,1
688,165,1
689,340,1
689,86,1
690,230,1
690,178,1
690,234,1
690,158,1
691,446,1
691,369,1.2136560309849773
691,263,1.3117286819958291
692,691,1
692,202,1
692,263,1.2398880288953096
692,877,1
692,918,1
693,168,1
693,83,1
693,369,1
693,869,1
694,106,1
694,107,1
695,17,1
695,263,1
695,450,1
696,478,1
696,221,1.020930877493986
696,297,1
696,738,1
697,263,1
697,66,1
697,450,1
697,565,1
697,28,1
698,175,1
699,265,1
699,264,1
699,483,1
700,221,1
700,189,1
700,229,1
701,452,1
701,160,1
701,9,1
702,39,1
703,61,1
703,60,1
703,234,1
703,202,1
703,974,1
703,998,1
704,35,1
704,158,1
705,496,1.2373735260646288
705,532,1
705,982,1
706,221,1.0940092869835243
706,368,1
707,264,1
707,55,1
707,155,1
707,812,1
708,180,1
708,274,1
708,211,1
709,282,1
710,1,1
711,72,1
711,396,1
711,71,1
711,639,1
711,841,1
712,67,1
712,297,1
712,221,1
713,164,1
714,398,1
714,301,1
714,548,1
714,198,1
715,671,1
715,221,1
716,386,1
716,457,1
716,221,1
717,173,1
717,525,1
717,227,1
718,301,1
718,973,1
719,12,1
719,394,1
720,263,1
720,551,1
721,120,1
721,263,1
722,301,1
722,207,1
722,587,1
722,639,1.2755276851401534
722,992,1
723,213,1
723,37,1
724,86,1
724,252,1
724,220,1
725,478,1
725,257,1
725,395,1
725,56,1
725,249,1
725,817,1
726,177,1
726,237,1
726,211,1
727,67,1
727,221,1
727,505,1
727,359,1
727,778,1
728,227,1.2911040894408194
728,252,1
728,755,1
729,237,1
729,263,1
729,221,1
729,379,1
730,489,1
730,237,1
730,212,1
731,92,1
731,263,1
731,94,1
732,575,1
732,58,1
733,131,1
733,217,1
734,207,1
735,402,1
735,252,1
736,639,1
737,525,1
737,212,1
737,213,1
738,139,1
738,227,1.5708976852602783
738,505,1
738,221,1.571163305985631
738,137,1
739,55,1
740,444,1
740,221,1
740,696,1
741,596,1
741,263,1
741,565,1
741,918,1
742,631,1
742,227,1
742,207,1
742,728,1
742,192,1
742,788,1
742,828,1
743,505,1
743,695,1
743,529,1
743,368,1
743,89,1
744,145,1
745,631,1
746,321,1
746,263,1
747,369,1
747,237,1
748,518,1
748,72,1
748,62,1
749,60,1
750,2,1
751,116,1
752,37,1
753,173,1
754,221,1
754,840,1
754,985,1
755,227,1.0621158964864583
755,36,1
756,301,1
757,227,1
757,221,1
757,935,1
758,0,1
758,2,1
759,142,1
759,141,1
759,153,1
759,221,1
759,883,1
760,366,1
760,260,1
760,301,1
760,119,1
760,398,1
760,823,1
760,837,1
760,841,1
761,471,1
762,275,1
762,221,1
763,221,1
764,411,1
765,555,1
765,398,1
766,188,1
767,260,1
767,27,1
767,784,1
768,565,1
769,169,1.0850080506276656
769,170,1.1040132608529634
770,230,1
771,264,1
771,275,1
771,221,1.9536109224283147
771,634,1.1233014146858067
771,885,1
771,887,1
772,664,1
772,263,1.3798968704996515
772,188,1
772,211,1
773,36,1
774,273,1
775,221,1
776,496,1
776,705,1
777,221,1
778,221,1
778,68,1
778,370,1
779,218,1
779,301,1
779,282,1
780,590,1
780,533,1
780,631,1
781,120,1
782,110,1
783,82,1
783,145,1
783,386,1
784,260,1
784,301,1.286171307576764
784,317,1
784,263,1
784,799,1
785,360,1
785,221,1.3226021593464394
785,803,1
786,116,1
786,132,1
786,301,1
787,221,1
787,555,1
788,207,1
788,398,1
788,301,1
788,938,1
789,540,1
789,221,1
789,297,1
789,520,1
790,193,1
791,297,1
791,237,1
792,4,1
793,631,1
794,505,1
794,221,1.3102331963721747
794,444,1
794,252,1
795,394,1
796,297,1
797,86,1
798,320,1
798,263,1.2834189606789626
798,197,1
798,398,1.2375988302982524
798,794,1
798,988,1
799,772,1
799,93,1.4223651153721844
799,263,1.9822678989709215
799,769,1.4011112203152956
800,356,1
800,221,1
800,450,1
801,565,1
801,285,1
801,379,1
802,22,1
802,359,1
803,221,1
803,330,1.127755549552458
803,36,1
803,649,1
803,985,1
804,52,1
805,60,1
806,184,1
807,221,1
808,639,1
808,301,1.426929342084518
808,221,2.046758533332247
808,297,1
808,263,1
808,825,1
808,842,1
808,845,1
808,860,1
808,990,1
808,997,1
809,212,1
810,548,1
810,227,1
810,202,1
810,976,1
811,164,1
811,211,1
811,221,1.3082672845018053
811,356,1
811,454,1
811,899,1
812,1,1
812,406,1
812,2,1
812,3,1
813,34,1
813,35,1
814,36,1
815,769,1
815,169,1
816,320,1
817,395,1
817,181,1
817,179,1
817,178,1
818,139,1
819,301,1
819,166,1
820,195,1
820,207,1
821,794,1
821,565,1
821,356,1
822,485,1
822,263,1
823,120,1
823,260,1
823,301,1
823,116,1
823,221,1
823,883,1
824,201,1
825,263,1
825,94,1
825,551,1
825,301,1
826,213,1
827,177,1
828,175,1
828,176,1
828,227,1
828,504,1
828,920,1
829,8,1
829,9,1
830,227,1
830,999,1
831,334,1
831,212,1
832,464,1
832,207,1
832,301,1.112950677256865
833,259,1
834,618,1
835,2,1
835,264,1
836,92,1
837,227,1
837,252,1
837,213,1
837,221,1
838,221,1
839,221,1
839,68,1
840,221,1.2251717485613818
840,505,1
840,486,1
840,69,1
841,330,1
841,41,1
841,465,1
841,786,1
842,261,1
842,221,1
843,30,1
844,221,1
844,286,1
844,263,1
844,170,1
845,297,1
845,225,1
845,221,1
845,356,1.1955785408283817
845,900,1
845,916,1
846,122,1
846,243,1
847,497,1
847,485,1
848,695,1
849,53,1
849,785,1
849,221,1
849,297,1
850,176,1
851,27,1
852,316,1
852,352,1
852,399,1
853,211,1
853,89,1
854,234,1
855,73,1
856,227,1
856,467,1
857,180,1
857,410,1
858,62,1
859,0,1
860,596,1
860,221,1
860,794,1
860,887,1
861,221,1
861,170,1
861,882,1
862,703,1
863,68,1
864,434,1
864,35,1
864,202,1
865,54,1
866,368,1
867,227,1
867,198,1
867,301,1
867,221,1
868,642,1
869,369,1.2546518237281759
869,691,1
869,202,1.2542171622782625
870,210,1
871,794,1
871,263,1
871,181,1
872,398,1
872,548,1
872,832,1
872,292,1
873,220,1
873,128,1
874,221,1
875,17,1
876,221,1
877,445,1
877,496,1
877,703,1
877,869,1
877,263,1.489429705046388
878,0,1
878,1,1
879,80,1
879,69,1
879,138,1
880,794,1
881,221,1
882,505,1
882,221,1
882,292,1
883,771,1
883,221,1
883,252,1
883,840,1
883,977,1
884,263,1
884,446,1
884,601,1
885,369,1
885,869,1
885,172,1
885,221,1
886,36,1
886,368,1
886,330,1
886,360,1
887,139,1
887,221,1
887,140,1
887,227,1
888,301,1.3776103293027484
888,115,1
888,631,1
888,960,1
889,9,1
889,769,1
889,170,1
890,103,1
891,54,1
892,703,1
893,131,1
893,158,1
893,212,1
893,237,1
894,103,1
895,154,1
896,139,1
896,812,1
897,27,1
897,263,1
897,769,1
898,263,1
898,565,1
899,221,1.3588085113919302
899,356,1
899,706,1
899,901,1
899,928,1
900,221,1.0614640165806504
900,794,1
900,139,1
900,811,1
901,221,1
901,275,1
901,467,1
902,36,1
902,37,1
902,221,1
902,596,1
903,897,1
903,540,1
903,886,1
904,457,1
904,263,1
904,394,1
905,220,1
905,398,1
906,207,1
907,398,1
907,221,1
908,101,1
908,246,1
909,252,1
910,398,1
911,900,1
911,649,1
911,432,1
911,587,1
912,555,1
913,86,1
913,902,1
913,360,1
913,282,1
914,143,1
914,507,1
914,188,1
915,96,1
916,771,1
916,221,1
916,869,1
916,201,1
917,450,1
918,565,1
918,263,1
918,260,1
918,301,1
918,450,1
919,31,1
919,18,1
919,227,1
920,252,1
920,227,1
921,177,1
921,411,1
921,211,1
922,356,1
922,564,1
923,360,1
924,221,1
924,772,1
924,368,1
925,263,1
926,297,1
926,221,1
926,201,1
927,410,1
928,771,1
928,634,1
928,263,1
928,221,1
928,225,1
929,877,1
929,68,1
929,263,1
930,227,1
930,2,1
930,398,1
931,156,1
932,832,1
933,489,1
933,450,1
933,221,1
933,275,1
933,356,1
934,64,1
934,11,1
935,529,1
935,429,1
935,221,1
935,900,1
935,360,1
935,973,1
936,301,1
936,755,1
936,639,1
936,832,1
937,446,1
937,263,1
938,784,1
938,221,1.4277128804831385
938,301,1
938,10,1
938,270,1
939,221,1
940,450,1
941,618,1
942,703,1
942,221,1
942,496,1
942,738,1
942,227,1
943,639,1
943,263,1
943,356,1
943,398,1
944,64,1
945,52,1
945,772,1
946,221,1
947,221,1
948,158,1
948,860,1
948,350,1
948,102,1
949,227,1
949,738,1
949,221,1
949,588,1
950,87,1
950,614,1
951,171,1
951,172,1
952,103,1
952,211,1
953,301,1
954,518,1
954,297,1
955,627,1
956,12,1
957,275,1
958,886,1
958,221,1
959,260,1
960,301,1
960,587,1
960,62,1
961,297,1
962,221,1
963,525,1
963,352,1
964,221,1
965,123,1
966,529,1
967,227,1
968,170,1
968,202,1
969,172,1
969,431,1
970,194,1
970,504,1
971,263,1
971,27,1
972,221,1
972,45,1
973,301,1
973,845,1
973,356,1
974,61,1
974,90,1
974,89,1
975,548,1
975,398,1
976,755,1
976,227,1
977,89,1
977,90,1
977,221,1
978,221,1
978,391,1
979,444,1
979,469,1
980,221,1
981,263,1
982,496,1
982,532,1
983,29,1
984,398,1
984,605,1
984,221,1
984,938,1
984,568,1
985,297,1
985,221,1
985,330,1
986,518,1
986,703,1
987,92,1
987,263,1.5139059101598895
987,799,1
987,27,1
987,565,1
987,997,1
988,320,1
988,191,1
988,263,1
988,398,1
989,162,1
990,399,1
990,301,1
990,565,1
990,888,1
991,356,1
992,116,1
992,301,1
992,639,1
993,273,1
994,317,1
995,263,1
996,36,1
996,555,1
996,771,1
997,769,1
997,799,1
997,93,1
997,263,1
997,221,1
998,234,1
998,287,1
999,227,1
999,360,1
