nid,Is,Os,S,V,D
0,12.203967200679084,3.3797602819722354,15.58372748265132,0.5587765875086735,"[1, 1, 0, 0, 0, 0, 0]"
1,15.126223450082016,9.440545265308916,24.566768715390932,0.5709237233407494,"[0, 1, 1, 0, 0, 0, 0]"
2,20.117270790177464,8.16623850109471,28.283509291272175,0.6033411350496976,"[0, 0, 1, 1, 0, 0, 0]"
3,7.747260934227919,6.136115028869336,13.883375963097254,0.4396691135532875,"[0, 0, 0, 1, 1, 0, 0]"
4,5.169607980793991,3.0135990539036883,8.183207034697679,0.012362776276080178,"[0, 0, 0, 0, 1, 1, 0]"
5,5.022641584538949,2.4240199519849774,7.446661536523926,0.42401995198497766,"[0, 0, 0, 0, 0, 1, 1]"
6,3.2544119711909865,2.0152239187733003,5.269635889964286,0.023466118220509924,"[1, 0, 0, 0, 0, 0, 1]"
7,2,3,5,0.934888936652629,"[1, 1, 0, 0, 0, 0, 0]"
8,3.2543516550089278,2.3002492913804007,5.554600946389328,0.41257243929647003,"[0, 1, 1, 0, 0, 0, 0]"
9,10.829720120074342,3.819323137646472,14.649043257720813,0.42391942501487945,"[0, 0, 1, 1, 0, 0, 0]"
10,14.599962648956735,3.780629688463085,18.38059233741982,0.6775351226296106,"[0, 0, 0, 1, 1, 0, 0]"
11,12.801577588171682,3.486076212256304,16.287653800427986,0.557392740578072,"[0, 0, 0, 0, 1, 1, 0]"
12,7.843156276508886,3.731963776125835,11.57512005263472,0.8269764537876108,"[0, 0, 0, 0, 0, 1, 1]"
13,3.4961858722725667,3.0755890069279994,6.571774879200566,0.12598167821333284,"[1, 0, 0, 0, 0, 0, 1]"
14,2,3,5,0.5033198693359677,"[1, 1, 0, 0, 0, 0, 0]"
15,8,2,10,0.4268137412923353,"[0, 1, 1, 0, 0, 0, 0]"
16,3.5683995034983793,2.5670566737247307,6.13545617722311,0.9450944562078842,"[0, 0, 1, 1, 0, 0, 0]"
17,5.56705667372473,4.568399503498379,10.135456177223109,0.9473325058306322,"[0, 0, 0, 1, 1, 0, 0]"
18,3,2,5,0.6251992145717963,"[0, 0, 0, 0, 1, 1, 0]"
19,2,2,4,0.9696362434572561,"[0, 0, 0, 0, 0, 1, 1]"
20,3,2,5,0.9160061897717144,"[1, 0, 0, 0, 0, 0, 1]"
21,2,2,4,0.27929147980366653,"[1, 1, 0, 0, 0, 0, 0]"
22,7.531915904466622,2.78871679117832,10.320632695644942,0.5753211901247084,"[0, 1, 1, 0, 0, 0, 0]"
23,5.790837740541011,2.531915904466622,8.322753645007634,0.3925870802220043,"[0, 0, 1, 1, 0, 0, 0]"
24,4.008440469575808,3.016381185425795,7.0248216550016025,0.027301975709658755,"[0, 0, 0, 1, 1, 0, 0]"
25,5.016381185425795,2.0084404695758082,7.0248216550016025,0.016880939151616703,"[0, 0, 0, 0, 1, 1, 0]"
26,3.6497837845219188,4.129341013918445,7.779124798440364,0.877323222112032,"[0, 0, 0, 0, 0, 1, 1]"
27,16.702751203112506,4.451510255020711,21.154261458133217,0.7362306420676635,"[1, 0, 0, 0, 0, 0, 1]"
28,8.879737651560365,10.636218915806573,19.51595656736694,0.7405846122817333,"[1, 1, 0, 0, 0, 0, 0]"
29,7.722735502514662,3.078011181061572,10.800746683576234,0.13952463746207655,"[0, 1, 1, 0, 0, 0, 0]"
30,4.40237187041234,2.2525515773559084,6.654923447768248,0.6313789433897709,"[0, 0, 1, 1, 0, 0, 0]"
31,4.252551577355908,4.40237187041234,8.654923447768248,0.6706197840205672,"[0, 0, 0, 1, 1, 0, 0]"
32,4.160323142984588,4.104206071498906,8.264529214483494,0.15814219750203728,"[0, 0, 0, 0, 1, 1, 0]"
33,8.328292791808618,5.628309749680261,13.956602541488879,0.3206462859691759,"[0, 0, 0, 0, 0, 1, 1]"
34,7.7195571674037105,3.456687066904246,11.176244234307957,0.18642282248090514,"[1, 0, 0, 0, 0, 0, 1]"
35,9.907361953268863,4.737744536532288,14.645106489801151,0.5727741923225093,"[1, 1, 0, 0, 0, 0, 0]"
36,22.82341780586013,5.982808259050909,28.80622606491104,0.7021867764741033,"[0, 1, 1, 0, 0, 0, 0]"
37,16.443614139904945,3.616359297357289,20.059973437262233,0.5824117648416368,"[0, 0, 1, 1, 0, 0, 0]"
38,5.3640073530260235,3.6801135234849456,9.04412087651097,0.841519142191379,"[0, 0, 0, 1, 1, 0, 0]"
39,4,3,7,0.27859906865585016,"[0, 0, 0, 0, 1, 1, 0]"
40,3,2,5,0.7799908000857727,"[0, 0, 0, 0, 0, 1, 1]"
41,5.453069780464255,3.449331147693128,8.902400928157384,0.39218029238328866,"[1, 0, 0, 0, 0, 0, 1]"
42,5.261453528255526,2.453069780464255,7.714523308719781,0.7928721158124471,"[1, 1, 0, 0, 0, 0, 0]"
43,2,2,4,0.4352151767483161,"[0, 1, 1, 0, 0, 0, 0]"
44,2,3,5,0.20940766207138917,"[0, 0, 1, 1, 0, 0, 0]"
45,7.496434384226072,2.535039769489273,10.031474153715346,0.8917329491487882,"[0, 0, 0, 1, 1, 0, 0]"
46,3.535039769489273,2.496434384226072,6.031474153715346,0.7446515763391078,"[0, 0, 0, 0, 1, 1, 0]"
47,5.212780093174928,3.4091568822070455,8.621936975381974,0.9553450513357118,"[0, 0, 0, 0, 0, 1, 1]"
48,7.4091568822070455,2.2127800931749277,9.621936975381974,0.16949176290813928,"[1, 0, 0, 0, 0, 0, 1]"
49,2,2,4,0.9671678629626703,"[1, 1, 0, 0, 0, 0, 0]"
50,3,2,5,0.8673530602742509,"[0, 1, 1, 0, 0, 0, 0]"
51,3,3,6,0.6842841202717697,"[0, 0, 1, 1, 0, 0, 0]"
52,4,2,6,0.22359728199459805,"[0, 0, 0, 1, 1, 0, 0]"
53,7.237974384987595,3.5223312813925736,10.76030566638017,0.3245293749163718,"[0, 0, 0, 0, 1, 1, 0]"
54,19.74306422703912,2.481303855066364,22.224368082105485,0.1963424525033829,"[0, 0, 0, 0, 0, 1, 1]"
55,7.243329470078769,2.6638125579486993,9.907142028027469,0.40198536466256496,"[1, 0, 0, 0, 0, 0, 1]"
56,3,3,6,0.7013807286510004,"[1, 1, 0, 0, 0, 0, 0]"
57,2,2,4,0.062405416237440225,"[0, 1, 1, 0, 0, 0, 0]"
58,5.9916049332032975,2.6082400763970224,8.599845009600319,0.4717186264653628,"[0, 0, 1, 1, 0, 0, 0]"
59,5.937593717308031,4.452240066160551,10.389833783468582,0.7539595971031492,"[0, 0, 0, 1, 1, 0, 0]"
60,9.885580059531321,2.5744704844909396,12.46005054402226,0.5489227348516825,"[0, 0, 0, 0, 1, 1, 0]"
61,4.550947167829433,4.279700991718684,8.830648159548117,0.1362970195641553,"[0, 0, 0, 0, 0, 1, 1]"
62,17.670950589752426,3.8870032550452835,21.55795384479771,0.7645758106237553,"[1, 0, 0, 0, 0, 0, 1]"
63,10.58117293079578,2.25637197828961,12.837544909085391,0.11486320213857626,"[1, 1, 0, 0, 0, 0, 0]"
64,7,2,9,0.17842989172055057,"[0, 1, 1, 0, 0, 0, 0]"
65,2,2,4,0.15776174844946245,"[0, 0, 1, 1, 0, 0, 0]"
66,8.616426791792613,4.013364804684441,12.629791596477054,0.9557533539663176,"[0, 0, 0, 1, 1, 0, 0]"
67,19.875894749684203,7.3097255202123375,27.18562026989654,0.4122467736827232,"[0, 0, 0, 0, 1, 1, 0]"
68,26.30094630163373,9.240997610323966,35.541943911957695,0.8221054003451405,"[0, 0, 0, 0, 0, 1, 1]"
69,7,6.362518485653661,13.362518485653661,0.5809178225097013,"[1, 0, 0, 0, 0, 0, 1]"
70,2,3,5,0.7915051715997319,"[1, 1, 0, 0, 0, 0, 0]"
71,5.44222559573234,2.862019451331981,8.304245047064322,0.5652196469597094,"[0, 1, 1, 0, 0, 0, 0]"
72,13.13691055916594,2.0096456715862496,15.14655623075219,0.0051130235476211094,"[0, 0, 1, 1, 0, 0, 0]"
73,8.798407435130976,3.1861477018333892,11.984555136964365,0.17178545358705843,"[0, 0, 0, 1, 1, 0, 0]"
74,3.3170866727552757,3.9851579516434525,7.302244624398728,0.75546102678911,"[0, 0, 0, 0, 1, 1, 0]"
75,4.453276616073466,4.234010243074121,8.687286859147587,0.5850256076853037,"[0, 0, 0, 0, 0, 1, 1]"
76,3,3,6,0.13833322976287576,"[1, 0, 0, 0, 0, 0, 1]"
77,3,2,5,0.2819679609297281,"[1, 1, 0, 0, 0, 0, 0]"
78,3,2,5,0.8360944742994659,"[0, 1, 1, 0, 0, 0, 0]"
79,2,2,4,0.25940320531536987,"[0, 0, 1, 1, 0, 0, 0]"
80,4,2,6,0.10489839509794763,"[0, 0, 0, 1, 1, 0, 0]"
81,2,2,4,0.4278162571634917,"[0, 0, 0, 0, 1, 1, 0]"
82,7,2,9,0.7791928418385864,"[0, 0, 0, 0, 0, 1, 1]"
83,5.144034892877569,2.1979597732410485,7.341994666118618,0.3299329554017476,"[1, 0, 0, 0, 0, 0, 1]"
84,5.603317196785143,2.24400179731413,7.847318994099274,0.24005815479594872,"[1, 1, 0, 0, 0, 0, 0]"
85,6.330965211465909,7.403294571818545,13.734259783284454,0.6123866727773483,"[0, 1, 1, 0, 0, 0, 0]"
86,12.466616474433344,4.75271770115175,17.219334175585093,0.2603284331382314,"[0, 0, 1, 1, 0, 0, 0]"
87,13.828106042362132,3.160787867898902,16.988893910261034,0.45208427164591625,"[0, 0, 0, 1, 1, 0, 0]"
88,4.570211248835696,2.394171494766038,6.964382743601734,0.25691705959263234,"[0, 0, 0, 0, 1, 1, 0]"
89,15.064582756533234,2.4818268859219783,17.546409642455213,0.31737949232883633,"[0, 0, 0, 0, 0, 1, 1]"
90,6.481826885921978,6.440973635550866,12.922800521472844,0.646358330740448,"[1, 0, 0, 0, 0, 0, 1]"
91,3.1427428646769178,6.557196841212311,9.699939705889228,0.9235633256658554,"[1, 1, 0, 0, 0, 0, 0]"
92,11.410248374470893,2.30134604765127,13.711594422122163,0.23790477446152936,"[0, 1, 1, 0, 0, 0, 0]"
93,8.707728143050218,2.2829609858503828,10.990689128900602,0.471601643083971,"[0, 0, 1, 1, 0, 0, 0]"
94,5,3.6537158465971347,8.653715846597134,0.25713284791233637,"[0, 0, 0, 1, 1, 0, 0]"
95,2,2,4,0.3591379795681169,"[0, 0, 0, 0, 1, 1, 0]"
96,3,2,5,0.48168453145823353,"[0, 0, 0, 0, 0, 1, 1]"
97,2,2,4,0.9127803110362933,"[1, 0, 0, 0, 0, 0, 1]"
98,3,2,5,0.08070054266966897,"[1, 1, 0, 0, 0, 0, 0]"
99,2,2,4,0.5119891290572605,"[0, 1, 1, 0, 0, 0, 0]"
100,4.358972151005936,3.7898567596420496,8.148828910647985,0.7940888525444577,"[0, 0, 1, 1, 0, 0, 0]"
101,7.061318248231306,4.038545677234551,11.099863925465858,0.5982869183432269,"[0, 0, 0, 1, 1, 0, 0]"
102,17.228872269516167,5.913082555828807,23.141954825344975,0.6356782817458164,"[0, 0, 0, 0, 1, 1, 0]"
103,28.91645746149708,9.520195034773597,38.43665249627068,0.9185150582421769,"[0, 0, 0, 0, 0, 1, 1]"
104,9.83512218085996,2.312735858630785,12.147858039490746,0.15052641416247448,"[1, 0, 0, 0, 0, 0, 1]"
105,4.287848699210437,2.7300326585148094,7.017881357725247,0.5690579013323369,"[1, 1, 0, 0, 0, 0, 0]"
106,6.00377162355942,2.3922607761064345,8.396032399665854,0.33485676009085885,"[0, 1, 1, 0, 0, 0, 0]"
107,4.19134672005192,3.6623368827600173,7.8536836028119374,0.9352498033233203,"[0, 0, 1, 1, 0, 0, 0]"
108,3,2,5,0.27178857127981226,"[0, 0, 0, 1, 1, 0, 0]"
109,3,2,5,0.16602350087440987,"[0, 0, 0, 0, 1, 1, 0]"
110,3,2,5,0.01728961898912673,"[0, 0, 0, 0, 0, 1, 1]"
111,3,2,5,0.747304418054722,"[1, 0, 0, 0, 0, 0, 1]"
112,3.0986031964043192,2.2761625281837365,5.374765724588055,0.46027088030622765,"[1, 1, 0, 0, 0, 0, 0]"
113,4.276162528183736,2.0986031964043192,6.374765724588055,0.1643386606738655,"[0, 1, 1, 0, 0, 0, 0]"
114,2.183710750044709,5.216932075251199,7.400642825295908,0.33058746058759936,"[0, 0, 1, 1, 0, 0, 0]"
115,6.261913576838761,2.4409058001073016,8.702819376946062,0.6429876251564813,"[0, 0, 0, 1, 1, 0, 0]"
116,10.257195050062592,8.269246825350505,18.5264418754131,0.5137821524765487,"[0, 0, 0, 0, 1, 1, 0]"
117,3.423577573040035,2.5484718530887815,5.972049426128816,0.9141197551479693,"[0, 0, 0, 0, 0, 1, 1]"
118,3.5484718530887815,3.423577573040035,6.972049426128816,0.7059626217333916,"[1, 0, 0, 0, 0, 0, 1]"
119,6.31570680260757,3.364904574308238,9.680611376915808,0.19443163268017472,"[1, 1, 0, 0, 0, 0, 0]"
120,7.485117098550063,2.3157068026075702,9.800823901157633,0.6314136052151401,"[0, 1, 1, 0, 0, 0, 0]"
121,5.280625691714869,2.56462659805784,7.845252289772709,0.9342761687640934,"[0, 0, 1, 1, 0, 0, 0]"
122,6.992316057888049,3.8148091604826844,10.807125218370732,0.39287596840081673,"[0, 0, 0, 1, 1, 0, 0]"
123,6.840517723826612,3.6129373687905515,10.453455092617164,0.35766261786952525,"[0, 0, 0, 0, 1, 1, 0]"
124,5.214597570721715,2.3063342550587964,7.520931825780512,0.5105570917646607,"[0, 0, 0, 0, 0, 1, 1]"
125,4,3,7,0.2554013939391343,"[1, 0, 0, 0, 0, 0, 1]"
126,2,2,4,0.49698874205491317,"[1, 1, 0, 0, 0, 0, 0]"
127,5.489102899889184,2.5614778873455966,8.05058078723478,0.8766847311963357,"[0, 1, 1, 0, 0, 0, 0]"
128,7.23575586395107,3.4891028998891844,10.724858763840254,0.6847440598448585,"[0, 0, 1, 1, 0, 0, 0]"
129,5,3,8,0.2993266426942114,"[0, 0, 0, 1, 1, 0, 0]"
130,5.041394789003333,4.271183134970135,9.312577923973468,0.5733141820177835,"[0, 0, 0, 0, 1, 1, 0]"
131,7.3556570759106075,4.004483674179905,11.360140750090512,0.005050251334330791,"[0, 0, 0, 0, 0, 1, 1]"
132,5.03040986115898,2.155569618149119,7.185979479308099,0.2592826969151981,"[1, 0, 0, 0, 0, 0, 1]"
133,3.155569618149119,2.0304098611589803,5.185979479308099,0.05068310193163428,"[1, 1, 0, 0, 0, 0, 0]"
134,2,3,5,0.8881416972402151,"[0, 1, 1, 0, 0, 0, 0]"
135,4,2,6,0.10524776694565219,"[0, 0, 1, 1, 0, 0, 0]"
136,5.636851841816554,3.052616311103403,8.689468152919957,0.09806114461866777,"[0, 0, 0, 1, 1, 0, 0]"
137,9.89179345494938,8.001229949147659,17.893023404097036,0.9586244193966944,"[0, 0, 0, 0, 1, 1, 0]"
138,9.501985724845776,10.051695996087254,19.553681720933028,0.42244629979704673,"[0, 0, 0, 0, 0, 1, 1]"
139,16.97966591597566,4.501254272314364,21.48092018829002,0.678545883357006,"[1, 0, 0, 0, 0, 0, 1]"
140,7.9254590246406815,3.147884691240738,11.07334371588142,0.7640183508156538,"[1, 1, 0, 0, 0, 0, 0]"
141,3.040404237578765,2.581027561349167,5.621431798927932,0.7470354360203573,"[0, 1, 1, 0, 0, 0, 0]"
142,7.581027561349167,2.040404237578765,9.621431798927933,0.06734039596460917,"[0, 0, 1, 1, 0, 0, 0]"
143,4,2,6,0.07151018625137995,"[0, 0, 0, 1, 1, 0, 0]"
144,5.199000690273421,2.3096176767302623,7.508618367003684,0.5160294612171042,"[0, 0, 0, 0, 1, 1, 0]"
145,5.344731207290822,2.1990006902734214,7.543731897564244,0.27860096638278975,"[0, 0, 0, 0, 0, 1, 1]"
146,4.119850597573643,2.3891678237019938,6.509018421275636,0.6486130395033229,"[1, 0, 0, 0, 0, 0, 1]"
147,3.3891678237019938,2.1198505975736426,5.509018421275636,0.1997509959560715,"[1, 1, 0, 0, 0, 0, 0]"
148,2,3,5,0.27238516539260216,"[0, 1, 1, 0, 0, 0, 0]"
149,3,2,5,0.16655504455794257,"[0, 0, 1, 1, 0, 0, 0]"
150,2,2,4,0.0394344024220703,"[0, 0, 0, 1, 1, 0, 0]"
151,3,2,5,0.043513988225353906,"[0, 0, 0, 0, 1, 1, 0]"
152,4.230363977503262,2.0905612173521324,6.320925194855395,0.13999216361823585,"[0, 0, 0, 0, 0, 1, 1]"
153,5.176756044650992,2.460727955006524,7.637483999657516,0.3839399625054368,"[1, 0, 0, 0, 0, 0, 1]"
154,7.230363977503262,2.08619482729886,9.316558804802122,0.12929224094828984,"[1, 1, 0, 0, 0, 0, 0]"
155,7.555495066181307,4.055286546349516,11.610781612530822,0.04082802630516613,"[0, 1, 1, 0, 0, 0, 0]"
156,7.055286546349516,2.555495066181307,9.610781612530822,0.47577613501292537,"[0, 0, 1, 1, 0, 0, 0]"
157,2,2,4,0.7436598774695862,"[0, 0, 0, 1, 1, 0, 0]"
158,8,2,10,0.903364829634636,"[0, 0, 0, 0, 1, 1, 0]"
159,3.075794766464781,4.287262493781197,7.363057260245979,0.4371466555782886,"[0, 0, 0, 0, 0, 1, 1]"
160,5.294707794985365,2.1667484862225184,7.461456281207884,0.15158953292956212,"[1, 0, 0, 0, 0, 0, 1]"
161,3.0909537197577373,2.007445301204168,5.098399020961905,0.012408835340280033,"[1, 1, 0, 0, 0, 0, 0]"
162,10.404803774191556,2.1355635260068175,12.540367300198374,0.33890881501704373,"[0, 1, 1, 0, 0, 0, 0]"
163,2.1355635260068175,5.550371855697828,7.685935381704645,0.9172864261630475,"[0, 0, 1, 1, 0, 0, 0]"
164,10.754563764128413,4.022553868031983,14.777117632160396,0.03758978005330449,"[0, 0, 0, 1, 1, 0, 0]"
165,5.022553868031983,2.263770326654501,7.286324194686483,0.43961721109083496,"[0, 0, 0, 0, 1, 1, 0]"
166,4,5.004990809602129,9.004990809602129,0.011765624740531333,"[0, 0, 0, 0, 0, 1, 1]"
167,2,3,5,0.7762737258778952,"[1, 0, 0, 0, 0, 0, 1]"
168,9.9051021323213,3.289233244097392,13.194335376418692,0.16993020741429377,"[1, 1, 0, 0, 0, 0, 0]"
169,9.41632459826791,5.067476937886391,14.4838015361543,0.6150467033695444,"[0, 1, 1, 0, 0, 0, 0]"
170,17.508547225250123,4.170168876219565,21.67871610146969,0.07186744828261138,"[0, 0, 1, 1, 0, 0, 0]"
171,5.208002493328999,2.8244055631551435,8.032408056484142,0.6252119839126298,"[0, 0, 0, 1, 1, 0, 0]"
172,9.227562200150677,3.571165591897397,12.798727792048075,0.24300086216889416,"[0, 0, 0, 0, 1, 1, 0]"
173,13.252178191238478,4.940052010731121,18.1922302019696,0.7893293322842847,"[0, 0, 0, 0, 0, 1, 1]"
174,11.457229206080333,4.093255303586304,15.550484509666637,0.7750531493214178,"[1, 0, 0, 0, 0, 0, 1]"
175,9.40924422958329,2.3783339169929993,11.78757814657629,0.11439599642147424,"[1, 1, 0, 0, 0, 0, 0]"
176,6.2146470389439195,3.30728271085548,9.5219297497994,0.13412090389969133,"[0, 1, 1, 0, 0, 0, 0]"
177,11.841452376251151,2.725628147388991,14.567080523640143,0.5606181806392577,"[0, 0, 1, 1, 0, 0, 0]"
178,9.250454942926275,2.9298732033311063,12.18032814625738,0.48888876812187554,"[0, 0, 0, 1, 1, 0, 0]"
179,4.223286473065821,5.282881171321322,9.506167644387144,0.6876218650147672,"[0, 0, 0, 0, 1, 1, 0]"
180,8.144852353524959,3.2004014193272727,11.345253772852232,0.8850239845877239,"[0, 0, 0, 0, 0, 1, 1]"
181,9.54333753968044,3.0608368480962604,12.6041743877767,0.8586461365491902,"[1, 0, 0, 0, 0, 0, 1]"
182,2,3,5,0.6382874707425807,"[1, 1, 0, 0, 0, 0, 0]"
183,3,2,5,0.20933958938922403,"[0, 1, 1, 0, 0, 0, 0]"
184,6,2,8,0.6295047933326192,"[0, 0, 1, 1, 0, 0, 0]"
185,3,2,5,0.45014018878101925,"[0, 0, 0, 1, 1, 0, 0]"
186,2,2,4,0.732688576453903,"[0, 0, 0, 0, 1, 1, 0]"
187,2,2,4,0.09156488058236778,"[0, 0, 0, 0, 0, 1, 1]"
188,8.30420851331763,2.058126459706368,10.362334973023998,0.08063995680012215,"[1, 0, 0, 0, 0, 0, 1]"
189,7.493533056573395,2.642217972559438,10.135751029132834,0.5070141888627139,"[1, 1, 0, 0, 0, 0, 0]"
190,5.586469119125232,3.0363883966934226,8.622857515818655,0.05094375537079188,"[0, 1, 1, 0, 0, 0, 0]"
191,11.41545990957204,2.9999705193610806,14.41543042893312,0.78565704555402,"[0, 0, 1, 1, 0, 0, 0]"
192,9.792319546411317,6.718638205702717,16.510957752114034,0.5958067530024701,"[0, 0, 0, 1, 1, 0, 0]"
193,4.162492750818855,8.573364931329483,12.735857682148339,0.981118743499888,"[0, 0, 0, 0, 1, 1, 0]"
194,5.570586774096291,2.2245519529714968,7.795138727067787,0.40671796670293214,"[0, 0, 0, 0, 0, 1, 1]"
195,7.517124789114982,6.169921657301766,13.687046446416748,0.9509779568271509,"[1, 0, 0, 0, 0, 0, 1]"
196,9.593317412233283,3.427345574541751,13.020662986775033,0.2811742851315051,"[1, 1, 0, 0, 0, 0, 0]"
197,11.856474719380014,5.740465327409624,17.596940046789637,0.3931430171834561,"[0, 1, 1, 0, 0, 0, 0]"
198,9.787419558201632,2.6014768001629043,12.388896358364537,0.9022152002443563,"[0, 0, 1, 1, 0, 0, 0]"
199,9.255653261028264,1.0949303317901333,10.350583592818397,0.15821721965022217,"[0, 0, 0, 1, 1, 0, 0]"
200,0,10.187064877374125,10.187064877374125,0.09950655875617348,"[0, 0, 0, 0, 0, 1, 1]"
201,10.494847343621643,2.2251010121246697,12.719948355746313,0.16695727519484513,"[1, 0, 0, 0, 0, 1, 0]"
202,16.876476217694332,11.016276891877746,27.892753109572077,0.5398507474058846,"[1, 1, 1, 1, 0, 0, 1]"
203,0,3,3,0.05411487052033398,"[1, 0, 1, 0, 1, 0, 0]"
204,0,2,2,0.0053675336158946485,"[1, 1, 0, 1, 1, 0, 1]"
205,0,3,3,0.32341660695301855,"[1, 0, 1, 0, 0, 1, 0]"
206,7.204128890925783,6.083112223022597,13.28724111394838,0.029097463627534653,"[0, 0, 1, 1, 0, 0, 1]"
207,20.48100751635213,8.39187019194618,28.87287770829831,0.22724050553645234,"[0, 1, 0, 0, 1, 1, 1]"
208,0,1,1,0.019256218570975453,"[0, 0, 0, 0, 1, 1, 0]"
209,0,3,3,0.09822761935768676,"[0, 1, 1, 0, 1, 1, 1]"
210,2,9.467692374336707,11.467692374336707,0.34324412444764496,"[0, 0, 1, 1, 0, 0, 0]"
211,32.68240479573522,15.313017478817912,47.995422274553135,0.17623273349645516,"[0, 0, 1, 1, 1, 1, 0]"
212,15.909167479524625,10.511718813665992,26.420886293190616,0.23792372254834912,"[0, 1, 0, 0, 1, 1, 0]"
213,16.834595050658383,10.775501404074305,27.610096454732687,0.5338832195472175,"[1, 1, 0, 0, 0, 0, 1]"
214,1,2,3,0.04518783020864792,"[1, 1, 0, 0, 0, 0, 0]"
215,0,1,1,0.1767254899756235,"[0, 1, 0, 0, 0, 1, 1]"
216,0,2,2,0.24044675745993346,"[0, 1, 0, 1, 0, 1, 0]"
217,6.155746172224053,17.69476565693904,23.850511829163093,0.592847324499688,"[0, 0, 0, 0, 0, 1, 1]"
218,3,5.290897947141089,8.29089794714109,0.37936393407389823,"[1, 0, 1, 0, 0, 0, 1]"
219,0,1,1,0.02288005308825336,"[0, 0, 1, 0, 0, 1, 0]"
220,13.224753054119805,8.285130070851555,21.50988312497136,0.4795021058299872,"[0, 0, 0, 1, 0, 1, 0]"
221,196.190990821153,18.673621323775716,214.8646121449287,0.50817707372282,"[1, 1, 1, 0, 1, 1, 1]"
222,0,1,1,0.044136063647346346,"[1, 0, 0, 1, 1, 0, 1]"
223,0,7.188965697801529,7.188965697801529,0.25828545485809484,"[0, 0, 0, 0, 1, 0, 1]"
224,0,1,1,0.04387511284779541,"[0, 0, 0, 0, 1, 0, 1]"
225,7.426055297509642,7.9765996774915715,15.402654975001212,0.4967883501171716,"[0, 1, 0, 0, 0, 1, 0]"
226,0,5,5,0.14960835663117072,"[0, 0, 1, 1, 0, 1, 0]"
227,49.97020959085259,4.618390509139483,54.58860009999207,0.39484783382618904,"[0, 1, 1, 1, 1, 1, 0]"
228,11.218092273270882,7.378526627648906,18.596618900919786,0.5997914290431601,"[0, 1, 0, 1, 1, 0, 0]"
229,2,14.283707363184805,16.283707363184803,0.5396968374599677,"[1, 0, 1, 0, 1, 0, 1]"
230,17.537704187404156,6.221695870392452,23.759400057796608,0.3659301631076749,"[0, 0, 0, 1, 1, 0, 0]"
231,0,1,1,0.022272418633204588,"[1, 0, 1, 1, 0, 1, 0]"
232,0,1,1,0.0570003930397322,"[0, 0, 1, 0, 0, 1, 0]"
233,0,2,2,0.15663029236481982,"[0, 1, 0, 1, 0, 0, 1]"
234,11.181901753034257,7.937286608991742,19.119188362025998,0.3733395413622361,"[0, 0, 1, 0, 1, 1, 1]"
235,0,1,1,0.008687921711442947,"[0, 1, 1, 1, 0, 1, 0]"
236,2,3.052803135569768,5.052803135569768,0.06837821708826447,"[1, 0, 0, 0, 1, 0, 0]"
237,14.669337257879508,7.5247135892462715,22.19405084712578,0.17273617772167513,"[0, 1, 0, 1, 0, 1, 1]"
238,1,3,4,0.04998595373303841,"[0, 0, 1, 0, 0, 1, 0]"
239,0,3,3,0.018961870904712602,"[1, 0, 0, 1, 1, 1, 0]"
240,4.078325659331758,11,15.078325659331757,0.19124005619809756,"[1, 0, 1, 1, 0, 1, 0]"
241,7.18204580142282,4.212201553579304,11.394247355002124,0.4151158685386991,"[1, 0, 0, 1, 0, 0, 0]"
242,3,5,8,0.5527323117099497,"[1, 0, 0, 0, 0, 0, 1]"
243,3,3.0293496617613718,6.029349661761372,0.04542949787929912,"[1, 0, 0, 1, 1, 1, 0]"
244,5.048260275235895,3,8.048260275235895,0.5759650273223986,"[0, 0, 0, 1, 1, 1, 0]"
245,0,1,1,0.020337667107054924,"[1, 1, 1, 1, 0, 0, 1]"
246,2.239314767337291,3,5.239314767337291,0.4124258048467243,"[1, 0, 0, 0, 1, 0, 1]"
247,0,4,4,0.3336509403688378,"[0, 1, 0, 0, 1, 1, 0]"
248,0,1,1,0.07735325491221187,"[0, 1, 0, 0, 1, 1, 1]"
249,8.189402873898995,6.2448009960116435,14.43420386991064,0.3197939383213829,"[0, 1, 1, 0, 0, 0, 0]"
250,0,1,1,0.06875019879848149,"[1, 0, 1, 0, 1, 1, 0]"
251,2,2.012984830679517,4.0129848306795175,0.020477691780712293,"[1, 0, 0, 1, 0, 0, 0]"
252,19.55244144624865,13.877108935660237,33.42955038190889,0.5720086817325936,"[1, 1, 0, 1, 0, 1, 1]"
253,0,2,2,0.010989093600049626,"[1, 0, 0, 1, 0, 0, 0]"
254,3,3.185844165874959,6.185844165874959,0.11183054866432723,"[0, 0, 0, 0, 0, 0, 1]"
255,0,2,2,0.13332148071396205,"[0, 1, 0, 0, 1, 1, 1]"
256,0,1,1,0.021472036131759575,"[1, 0, 1, 0, 0, 1, 0]"
257,2,2,4,0.0843894552920757,"[1, 1, 0, 0, 0, 0, 0]"
258,0,1,1,0.23342585555523707,"[1, 1, 0, 0, 1, 0, 0]"
259,2,2,4,0.10171647855892624,"[1, 1, 0, 0, 1, 0, 0]"
260,18.253288273674748,6.688915296742897,24.942203570417647,0.48835159352810054,"[0, 1, 0, 1, 1, 0, 1]"
261,2,4.062688566236648,6.062688566236648,0.07019682222259144,"[0, 1, 0, 0, 1, 0, 1]"
262,2,2,4,0.4257668999814823,"[1, 1, 1, 1, 0, 0, 0]"
263,84.86070159916238,9.491964034839384,94.35266563400177,0.5079912397069928,"[1, 1, 1, 1, 1, 0, 1]"
264,8.97070072075678,4.733281933937686,13.703982654694466,0.35105860956436896,"[0, 1, 1, 1, 0, 1, 1]"
265,5,3.4442906639933,8.4442906639933,0.4003193852236271,"[1, 1, 1, 1, 0, 0, 1]"
266,0,1,1,0.012584292528269675,"[0, 0, 1, 1, 0, 1, 1]"
267,0,3,3,0.19511500678972046,"[1, 0, 1, 0, 0, 0, 0]"
268,0,1,1,0.009108959933333632,"[0, 1, 0, 0, 1, 0, 0]"
269,0,1,1,0.007303498905138872,"[1, 1, 0, 0, 1, 1, 1]"
270,7,6.18146414656159,13.18146414656159,0.38850790149970604,"[0, 0, 0, 1, 1, 0, 0]"
271,0,6,6,0.12281944251369964,"[1, 1, 1, 1, 1, 0, 0]"
272,0,2,2,0.15349079676209507,"[1, 0, 1, 1, 1, 1, 1]"
273,6,4.040393956683432,10.040393956683431,0.09425256559467393,"[0, 0, 1, 0, 1, 1, 0]"
274,4.343810932507384,2.1272201976185316,6.471031130125915,0.06453274902387712,"[0, 0, 0, 0, 0, 1, 1]"
275,15.928902264589325,15.96551483568243,31.894417100271756,0.5158490919430552,"[1, 0, 1, 0, 1, 1, 1]"
276,1,3,4,0.06757533236708896,"[0, 0, 0, 0, 0, 0, 0]"
277,0,1,1,0.027351800610113802,"[0, 0, 0, 0, 0, 0, 1]"
278,0,3,3,0.08860039036616746,"[0, 0, 1, 0, 0, 1, 0]"
279,0,1,1,0.035009452531363894,"[0, 1, 0, 1, 0, 1, 1]"
280,0,1,1,0.12310075335398046,"[0, 1, 0, 0, 0, 0, 0]"
281,0,1,1,0.00648624727951036,"[0, 0, 1, 0, 1, 0, 0]"
282,6.040393956683432,6,12.040393956683431,0.1369997505687463,"[0, 1, 1, 0, 1, 1, 0]"
283,0,1,1,0.04272807716935578,"[0, 0, 1, 1, 0, 1, 1]"
284,0,1,1,0.00475555498185723,"[0, 0, 1, 0, 0, 0, 1]"
285,9.943993910569866,6.397573868068165,16.34156777863803,0.33163188502152674,"[1, 1, 1, 0, 1, 0, 0]"
286,4,4.1918366472164585,8.191836647216459,0.11365155259418142,"[0, 0, 0, 1, 1, 1, 0]"
287,4,2.375992714522673,6.375992714522673,0.17776076998854048,"[1, 0, 1, 0, 0, 1, 1]"
288,0,1,1,0.018371000581169833,"[1, 1, 1, 1, 1, 1, 1]"
289,0,1,1,0.04549415774326035,"[1, 0, 1, 0, 1, 0, 0]"
290,0,1,1,0.06546102787909647,"[1, 0, 0, 0, 0, 1, 1]"
291,0,2,2,0.01187774527881269,"[1, 0, 0, 0, 0, 1, 1]"
292,10.25984518614802,2.200312626485255,12.460157812633275,0.13702934005404815,"[0, 1, 0, 1, 1, 0, 1]"
293,0,2,2,0.0908097243179769,"[0, 0, 1, 0, 0, 0, 0]"
294,0,1,1,0.27084132965694574,"[1, 0, 0, 1, 1, 0, 0]"
295,3,4,7,0.423343700860096,"[1, 0, 0, 1, 1, 0, 1]"
296,0,2,2,0.053526950920866734,"[0, 0, 0, 1, 0, 1, 1]"
297,30.99921005994539,19.71715488636561,50.716364946311,0.5406197392031578,"[0, 1, 0, 1, 1, 1, 1]"
298,0,3,3,0.026875879161110172,"[1, 0, 0, 1, 1, 1, 0]"
299,0,1,1,0.030302951460416866,"[0, 0, 0, 1, 1, 1, 1]"
300,0,1,1,0.031088526838920133,"[1, 1, 0, 0, 0, 1, 0]"
301,50.74248776320025,18.73717897274661,69.47966673594686,0.5900659579518267,"[1, 1, 1, 1, 1, 1, 0]"
302,0,1,1,0.020561175900300127,"[1, 0, 0, 0, 1, 0, 0]"
303,0,1,1,0.021001710939920343,"[1, 1, 0, 1, 1, 0, 0]"
304,0,1,1,0.0683291417363523,"[0, 0, 0, 1, 0, 1, 1]"
305,0,1,1,0.006170429609606121,"[1, 0, 0, 1, 0, 0, 0]"
306,1,4,5,0.11294074870086074,"[0, 0, 1, 0, 1, 1, 1]"
307,0,1,1,0.04420094028195143,"[1, 1, 1, 0, 0, 1, 1]"
308,0,3,3,0.13525532505249077,"[1, 1, 0, 0, 1, 1, 0]"
309,2,2,4,0.02870643282183652,"[1, 1, 1, 0, 0, 1, 1]"
310,0,1,1,0.06192869896589448,"[1, 1, 0, 0, 1, 0, 1]"
311,2,4,6,0.4316505085561958,"[0, 0, 0, 0, 0, 1, 0]"
312,0,1,1,0.0005887939112193263,"[0, 1, 1, 1, 0, 0, 0]"
313,0,2,2,0.01771897510923859,"[1, 1, 1, 1, 0, 0, 1]"
314,0,2,2,0.04177814957676468,"[0, 0, 1, 0, 1, 1, 0]"
315,0,2,2,0.37500389825809366,"[1, 0, 1, 0, 1, 0, 0]"
316,2,3,5,0.0937244732901546,"[0, 1, 1, 0, 1, 0, 0]"
317,5.277719229605649,7.936252581216772,13.213971810822422,0.5809762226024504,"[1, 1, 0, 0, 0, 0, 1]"
318,0,1,1,0.027496231113326247,"[0, 0, 0, 1, 0, 1, 1]"
319,0,3,3,0.08380470254543987,"[1, 1, 1, 1, 1, 1, 0]"
320,7,5.786748494055605,12.786748494055605,0.3853603349934708,"[1, 0, 0, 1, 1, 0, 1]"
321,6.399426188451833,3.042078887097855,9.441505075549689,0.06729504518447088,"[0, 1, 0, 1, 0, 1, 0]"
322,0,2,2,0.32301479327346083,"[1, 1, 0, 0, 0, 0, 0]"
323,0,2,2,0.031039038948022096,"[0, 1, 1, 1, 1, 0, 0]"
324,0,2,2,0.17375950687372074,"[1, 1, 0, 0, 1, 1, 1]"
325,0,1,1,0.0762467728264565,"[1, 1, 0, 0, 1, 0, 0]"
326,2,3,5,0.5561990319109179,"[1, 1, 0, 0, 1, 0, 0]"
327,2,2,4,0.07707461173015756,"[1, 1, 1, 0, 1, 1, 1]"
328,0,1,1,0.010270183995485266,"[1, 1, 1, 1, 0, 0, 1]"
329,1,5,6,0.4494685964884412,"[0, 1, 1, 0, 1, 1, 0]"
330,7.699860308476942,5.581475424916206,13.28133573339315,0.4822752107617072,"[1, 1, 1, 1, 1, 0, 0]"
331,0,1,1,0.08563044903903355,"[1, 1, 1, 1, 1, 0, 0]"
332,0,2,2,0.05655835877982118,"[1, 0, 1, 1, 0, 0, 0]"
333,0,1,1,0.04223707521811659,"[1, 1, 0, 1, 0, 1, 1]"
334,12.34983359545475,8.23109656445019,20.58093015990494,0.5165726787973322,"[0, 0, 1, 1, 1, 1, 1]"
335,5.459257529121088,3.0848531451836703,8.544110674304758,0.07675573393666996,"[1, 1, 0, 1, 0, 1, 0]"
336,0,3,3,0.10293027476242339,"[0, 0, 0, 1, 1, 1, 0]"
337,0,2,2,0.012016210697009089,"[1, 1, 0, 0, 1, 0, 1]"
338,0,1,1,0.07316839650285684,"[1, 0, 0, 1, 1, 1, 1]"
339,0,2,2,0.0842671860886699,"[0, 1, 1, 0, 1, 0, 0]"
340,6.170897069548905,5,11.170897069548905,0.5027713719834265,"[1, 0, 1, 0, 1, 0, 0]"
341,0,2,2,0.13732451640237847,"[0, 1, 0, 1, 0, 0, 0]"
342,3,4.183201172157455,7.183201172157455,0.21065174787903215,"[1, 0, 1, 0, 1, 1, 0]"
343,2,2,4,0.04337574863531371,"[0, 1, 0, 1, 1, 1, 1]"
344,1,2.0021209493626912,3.0021209493626912,0.0032152693506608265,"[1, 0, 0, 1, 1, 1, 0]"
345,0,3,3,0.3326045936248133,"[1, 1, 0, 1, 0, 1, 0]"
346,1,2,3,0.08080012978639417,"[0, 0, 1, 1, 1, 0, 1]"
347,0,1,1,0.06324683200015585,"[1, 0, 0, 0, 1, 1, 1]"
348,0,1,1,0.0014133441929440604,"[1, 1, 1, 1, 0, 1, 1]"
349,1,2,3,0.06760297240460728,"[0, 1, 0, 0, 1, 0, 0]"
350,4.166453044413838,8.637066184155543,12.803519228569382,0.44116243454355586,"[1, 0, 0, 0, 1, 1, 0]"
351,0,2,2,0.2651166011841505,"[0, 0, 1, 1, 0, 1, 0]"
352,3,8.415087658069172,11.415087658069172,0.2962341785987067,"[1, 0, 1, 1, 1, 1, 1]"
353,0,1,1,0.0960376708236785,"[0, 1, 1, 0, 1, 1, 1]"
354,1,3,4,0.1285900478399286,"[0, 1, 0, 0, 0, 1, 0]"
355,0,3,3,0.2740358024937609,"[1, 0, 1, 0, 1, 1, 1]"
356,19.649689184808736,12.446317683208994,32.09600686801773,0.5382097965086267,"[0, 1, 1, 1, 1, 1, 0]"
357,2,4,6,0.4675564574196378,"[0, 1, 0, 0, 0, 0, 0]"
358,0,3,3,0.08309553851202531,"[1, 1, 1, 0, 0, 1, 0]"
359,13,10.800420763740997,23.800420763740995,0.39380614475772224,"[1, 1, 1, 0, 0, 1, 0]"
360,15.75063807220882,24.287985115951873,40.03862318816069,0.5922931441323345,"[1, 1, 1, 1, 0, 0, 0]"
361,0,1,1,0.00645711771309071,"[1, 1, 0, 0, 1, 1, 1]"
362,0,4,4,0.06262428708599171,"[1, 1, 0, 1, 1, 1, 0]"
363,0,1,1,0.06463831712088797,"[0, 0, 1, 0, 1, 0, 0]"
364,0,1,1,0.048791994050979476,"[0, 1, 0, 0, 0, 1, 0]"
365,0,1,1,0.029880690428746776,"[0, 1, 1, 0, 0, 1, 0]"
366,5.214503255649722,8,13.214503255649722,0.47585685735862915,"[1, 1, 0, 1, 0, 0, 1]"
367,0,1,1,0.014299923965296807,"[0, 1, 0, 1, 0, 0, 0]"
368,9.666430566494657,9.524686387745868,19.191116954240528,0.5878358480452366,"[1, 0, 0, 1, 0, 0, 1]"
369,12.078688913886351,7.544336275667709,19.62302518955406,0.5037455500996171,"[1, 0, 1, 0, 0, 1, 0]"
370,6.649115921579924,6.3460760657146995,12.995191987294623,0.576617819384028,"[1, 1, 0, 1, 0, 1, 1]"
371,0,1,1,0.003371435717835075,"[1, 0, 0, 0, 1, 1, 1]"
372,1,4,5,0.0736230487041781,"[1, 0, 1, 1, 0, 1, 1]"
373,0,1,1,0.03317113253730036,"[0, 1, 0, 1, 1, 0, 1]"
374,0,2,2,0.11722328225182016,"[1, 0, 0, 1, 0, 1, 0]"
375,1,2,3,0.05794917607677624,"[0, 1, 0, 0, 0, 0, 1]"
376,0,1,1,0.00037808815032588927,"[1, 0, 1, 0, 0, 1, 0]"
377,0,1,1,4.166863512558572e-05,"[1, 0, 1, 0, 0, 0, 1]"
378,0,1,1,0.11330663348034214,"[1, 1, 1, 1, 0, 0, 0]"
379,5,4.4702586619899485,9.470258661989948,0.5373095186463892,"[0, 1, 1, 1, 0, 1, 0]"
380,2,5,7,0.5197046801043436,"[0, 1, 0, 0, 0, 1, 0]"
381,3,4,7,0.014572504206024878,"[1, 1, 1, 1, 0, 0, 1]"
382,2,5,7,0.3752914294614772,"[0, 1, 0, 0, 0, 0, 0]"
383,1,2,3,0.06951444119111033,"[0, 1, 1, 0, 0, 0, 0]"
384,0,1,1,0.05174309468473867,"[0, 1, 0, 0, 1, 0, 0]"
385,0,2,2,0.430219235597459,"[1, 1, 1, 0, 1, 0, 0]"
386,3,2.0351135305605603,5.03511353056056,0.04965594823387193,"[1, 1, 0, 0, 0, 1, 0]"
387,0,6.037410599392832,6.037410599392832,0.051763405095972964,"[1, 1, 1, 0, 0, 1, 1]"
388,3,3.0822315980214716,6.082231598021472,0.11676755045988291,"[0, 1, 0, 1, 0, 0, 0]"
389,1,2,3,0.038042138942259385,"[0, 0, 0, 0, 0, 1, 0]"
390,0,1,1,0.02076327794804156,"[0, 0, 1, 0, 0, 1, 1]"
391,3,3,6,0.4411989211791765,"[0, 1, 0, 0, 0, 0, 1]"
392,1,5,6,0.46055000544971325,"[0, 0, 0, 1, 0, 0, 1]"
393,1,2,3,0.07320364803204987,"[1, 0, 1, 1, 1, 0, 1]"
394,5,2.066154660934255,7.066154660934255,0.10258475380322246,"[0, 1, 1, 1, 0, 0, 1]"
395,5.4142434432766535,3.2997314281633345,8.713974871439987,0.4110211947344372,"[1, 0, 1, 0, 0, 1, 1]"
396,3,10.652196158354519,13.652196158354519,0.5224997979759137,"[0, 0, 0, 1, 1, 0, 1]"
397,0,1,1,0.04618629523913595,"[0, 1, 1, 1, 1, 1, 0]"
398,36.657067705378395,11.871566472329262,48.52863417770766,0.4876187465631455,"[1, 1, 1, 1, 1, 0, 1]"
399,4.088870253579612,7,11.088870253579612,0.48210635420941594,"[0, 0, 1, 0, 0, 1, 0]"
400,1,2,3,0.29250916909376745,"[1, 0, 1, 0, 0, 0, 1]"
401,0,4,4,0.01851272265603157,"[1, 0, 1, 1, 0, 0, 1]"
402,4.246323840761948,6.288726255050453,10.535050095812402,0.3423790776359308,"[0, 0, 1, 1, 1, 0, 0]"
403,0,1,1,0.07860379765163791,"[1, 0, 1, 0, 0, 1, 0]"
404,2.296146572066167,2.069323190873786,4.365469762939953,0.08325240495560401,"[1, 0, 1, 1, 0, 0, 0]"
405,0,1,1,0.06817520924534815,"[1, 0, 1, 1, 0, 1, 0]"
406,3.279388293754337,2.0134405527905166,5.292828846544854,0.009864233422760937,"[0, 1, 1, 0, 1, 1, 0]"
407,0,18.279610928317524,18.279610928317524,0.098686010729445,"[1, 1, 1, 1, 1, 0, 1]"
408,0,1,1,0.036954669300298226,"[0, 0, 0, 0, 0, 0, 1]"
409,0,2,2,0.07020632152103229,"[1, 0, 0, 1, 1, 1, 0]"
410,4,4.4323737859949315,8.432373785994931,0.5495924837228755,"[0, 1, 0, 0, 1, 1, 1]"
411,8.089221395955631,6.697283693550273,14.786505089505905,0.24554818500844597,"[1, 1, 1, 1, 1, 1, 1]"
412,0,5,5,0.18279664316331853,"[1, 1, 1, 0, 0, 1, 0]"
413,3,3,6,0.31283052404423406,"[1, 0, 1, 1, 1, 1, 0]"
414,2,4,6,0.43076454720751356,"[0, 1, 1, 0, 0, 0, 1]"
415,0,4.11206330158984,4.11206330158984,0.17061142146854377,"[0, 0, 1, 1, 0, 1, 1]"
416,0,1,1,0.05725424069706461,"[1, 0, 0, 1, 0, 0, 0]"
417,1,2,3,0.08958556367232193,"[0, 0, 0, 1, 1, 0, 0]"
418,1,3,4,0.07717924279556282,"[1, 0, 0, 1, 0, 0, 0]"
419,0,2,2,0.285776207846981,"[0, 0, 1, 1, 1, 1, 1]"
420,0,1,1,0.024836150693406917,"[1, 0, 1, 1, 0, 1, 0]"
421,0,1,1,0.31124340006080664,"[0, 1, 1, 1, 0, 0, 1]"
422,0,1,1,0.039973125128426906,"[0, 1, 0, 0, 0, 0, 1]"
423,0,3,3,0.16519362360794462,"[0, 1, 0, 0, 0, 0, 1]"
424,1,5,6,0.35954711708215303,"[1, 1, 0, 0, 1, 0, 1]"
425,0,1,1,0.014492442196324534,"[1, 1, 0, 0, 0, 0, 1]"
426,1,3,4,0.46562169332551195,"[0, 0, 1, 1, 1, 1, 0]"
427,1,14,15,0.3848691191654735,"[1, 1, 0, 1, 1, 0, 1]"
428,0,1,1,0.028939071009640244,"[0, 0, 1, 0, 1, 1, 1]"
429,4.244681595717464,4,8.244681595717463,0.3742693057982852,"[0, 0, 0, 0, 0, 0, 1]"
430,0,2,2,0.23988586421697297,"[1, 1, 0, 1, 1, 1, 1]"
431,2,3,5,0.2064036379484868,"[1, 1, 1, 1, 1, 0, 1]"
432,2,2,4,0.1913513246830477,"[0, 0, 1, 0, 1, 1, 1]"
433,1,2,3,0.3029756017753882,"[1, 0, 0, 0, 0, 0, 0]"
434,6.084965103707146,6.62408922199773,12.709054325704876,0.4884476403837533,"[1, 1, 0, 0, 1, 1, 0]"
435,2,3,5,0.5866771844854464,"[1, 0, 0, 0, 0, 1, 0]"
436,0,1,1,0.10699215401423462,"[0, 1, 0, 0, 1, 0, 0]"
437,0,7,7,0.40543530250161186,"[0, 0, 1, 1, 0, 0, 0]"
438,0,1,1,0.07027819565762389,"[1, 0, 1, 1, 1, 1, 1]"
439,2,3,5,0.3250251472809641,"[0, 0, 0, 0, 0, 1, 0]"
440,3,4.061677190178537,7.061677190178537,0.08438492840989492,"[0, 0, 0, 1, 1, 0, 0]"
441,0,1,1,0.02914924048869183,"[1, 1, 0, 1, 0, 1, 1]"
442,0,2,2,0.03806050384887946,"[1, 0, 1, 1, 0, 1, 1]"
443,1,3,4,0.19385882421596465,"[0, 0, 0, 0, 0, 1, 0]"
444,8.263537164880178,8.943829318158752,17.207366483038932,0.41302434713050884,"[0, 1, 0, 0, 1, 1, 1]"
445,2,5.3743333461374565,7.3743333461374565,0.3254602999361448,"[0, 0, 1, 1, 1, 1, 0]"
446,13.382213736941713,17.94577930205827,31.327993038999985,0.5683530607829429,"[1, 0, 1, 1, 0, 0, 1]"
447,5,7.242548333934501,12.2425483339345,0.3302100391591538,"[1, 1, 0, 0, 0, 0, 0]"
448,2,3.132748880194591,5.13274888019459,0.3354774576268118,"[0, 0, 0, 1, 1, 0, 0]"
449,0,2,2,0.08155245635662717,"[1, 0, 1, 1, 1, 0, 1]"
450,11,6.642866219641689,17.64286621964169,0.28671894396738784,"[1, 1, 1, 1, 1, 1, 1]"
451,6,4.643044050839617,10.643044050839617,0.4440059492769366,"[1, 0, 0, 1, 0, 0, 1]"
452,5,7.164271526243914,12.164271526243914,0.5577405970748625,"[0, 1, 1, 1, 1, 0, 1]"
453,0,1,1,0.4637946911093288,"[0, 1, 0, 0, 0, 0, 0]"
454,2,2.001273525583693,4.001273525583693,0.0014304358898405423,"[0, 1, 0, 0, 0, 1, 0]"
455,4,4.340643723144083,8.340643723144083,0.4160730490018537,"[0, 0, 0, 1, 0, 0, 0]"
456,1,3,4,0.05674345067880346,"[0, 0, 1, 1, 1, 0, 1]"
457,4,4.423516984531695,8.423516984531695,0.4722836785708061,"[0, 0, 1, 1, 0, 0, 0]"
458,0,1,1,0.012719611915882167,"[0, 0, 0, 0, 1, 1, 1]"
459,0,2,2,0.47538864239908807,"[1, 1, 1, 0, 0, 0, 1]"
460,3,4,7,0.3962335653106287,"[1, 0, 1, 0, 0, 1, 1]"
461,0,3,3,0.2827082900049267,"[1, 0, 0, 0, 1, 0, 0]"
462,0,1,1,0.013064639954287138,"[0, 0, 1, 0, 1, 1, 0]"
463,0,1,1,0.05980974892886676,"[0, 1, 1, 1, 0, 1, 1]"
464,3,3,6,0.41071382027268466,"[0, 1, 1, 0, 0, 1, 0]"
465,3,4.251478259292291,7.251478259292291,0.5152854865497685,"[0, 1, 0, 1, 1, 0, 1]"
466,0,1,1,0.0709804610054297,"[1, 1, 1, 1, 1, 1, 1]"
467,5,5.803336261364288,10.803336261364288,0.5789899865375098,"[0, 0, 1, 0, 0, 0, 1]"
468,3,3,6,0.3702044450391828,"[1, 1, 0, 0, 1, 1, 1]"
469,6.490000185256621,8.666356492200089,15.15635667745671,0.4956619492324066,"[0, 0, 1, 1, 0, 1, 1]"
470,0,1,1,0.04090652031102829,"[1, 0, 1, 0, 0, 0, 1]"
471,2,4,6,0.039851846418837905,"[0, 1, 0, 0, 0, 0, 1]"
472,0,1,1,0.029973564314827117,"[1, 0, 0, 0, 1, 0, 1]"
473,1,2,3,0.0208381614875133,"[0, 1, 1, 1, 0, 0, 1]"
474,0,3,3,0.28753517796925054,"[0, 1, 0, 0, 1, 0, 1]"
475,1,4,5,0.4330208187016982,"[1, 1, 1, 0, 0, 1, 1]"
476,1,2,3,0.2788960210742182,"[0, 1, 1, 0, 0, 0, 0]"
477,0,2,2,0.39850678653134775,"[0, 0, 1, 1, 1, 0, 1]"
478,5,2.134745370612836,7.134745370612836,0.07983327536144519,"[0, 1, 1, 0, 0, 1, 1]"
479,0,1,1,0.07531443494285955,"[1, 1, 0, 1, 0, 0, 0]"
480,0,2,2,0.07845915414811899,"[0, 1, 1, 0, 1, 0, 1]"
481,1,6,7,0.08296479828073527,"[0, 1, 0, 0, 1, 0, 1]"
482,4,5,9,0.2715793484171829,"[0, 0, 1, 0, 0, 0, 0]"
483,2,5.077168172913678,7.077168172913678,0.3858408645683915,"[0, 0, 0, 1, 1, 0, 1]"
484,1,2,3,0.22021779205230627,"[1, 0, 0, 1, 0, 1, 0]"
485,3,3.4522254460468647,6.452225446046865,0.27088138286809316,"[1, 1, 0, 0, 0, 0, 1]"
486,2,2,4,0.0530430912164363,"[0, 0, 0, 1, 1, 0, 1]"
487,0,1,1,0.06602568827706418,"[1, 1, 0, 1, 0, 0, 1]"
488,0,1,1,0.06148603066616906,"[1, 0, 1, 1, 1, 1, 0]"
489,5,4.645590383961977,9.645590383961977,0.5572050792041738,"[1, 1, 0, 0, 1, 0, 1]"
490,0,1,1,0.02190520983223923,"[0, 0, 1, 1, 0, 1, 0]"
491,0,1,1,0.09812306426777823,"[0, 0, 1, 1, 1, 0, 1]"
492,0,1,1,0.0001539201265665091,"[1, 0, 0, 1, 0, 0, 1]"
493,0,1,1,0.06083661245362215,"[0, 0, 0, 1, 0, 1, 0]"
494,0,1,1,0.06589151172668933,"[0, 1, 0, 1, 1, 0, 1]"
495,0,3,3,0.11816483664049454,"[0, 0, 0, 0, 1, 0, 1]"
496,9.042420952879173,2,11.042420952879173,0.44661449202206105,"[0, 0, 1, 0, 1, 0, 1]"
497,3,4,7,0.36626391638794376,"[0, 0, 1, 0, 1, 0, 1]"
498,1,2,3,0.06669177527649933,"[1, 1, 0, 1, 0, 0, 1]"
499,0,1,1,0.02590323376071671,"[0, 1, 1, 0, 0, 0, 1]"
500,1,3,4,0.43555084232386,"[0, 0, 0, 0, 1, 1, 0]"
501,2,5.317235261711234,7.317235261711234,0.35111464143633353,"[0, 1, 0, 0, 1, 1, 1]"
502,0,3,3,0.08834882618673107,"[0, 1, 0, 1, 0, 1, 0]"
503,0,4,4,0.17742002102553853,"[0, 1, 0, 0, 0, 0, 1]"
504,4,7.4570540874202695,11.45705408742027,0.5159909260054406,"[0, 1, 1, 1, 0, 1, 0]"
505,11.183783738819182,14.404224552296292,25.58800829111547,0.4964532472702935,"[0, 1, 1, 1, 1, 0, 1]"
506,0,1,1,0.03546614140637108,"[1, 1, 1, 0, 0, 0, 1]"
507,2,3,5,0.3421405864404543,"[0, 1, 0, 1, 0, 0, 0]"
508,0,2,2,0.09665333639577317,"[1, 0, 1, 0, 0, 1, 1]"
509,0,1,1,0.15498509590868634,"[1, 1, 0, 0, 1, 0, 0]"
510,0,2,2,0.1731701332484201,"[1, 1, 0, 0, 1, 0, 0]"
511,0,1,1,0.07458342330028206,"[1, 0, 1, 1, 1, 1, 0]"
512,0,1,1,0.029932370398738084,"[1, 0, 1, 0, 1, 1, 1]"
513,2,3,5,0.07348923498453092,"[1, 0, 1, 1, 1, 1, 0]"
514,0,1,1,0.4803696037243318,"[1, 1, 0, 0, 1, 0, 1]"
515,1,3,4,0.0500238609859997,"[1, 1, 0, 0, 0, 0, 0]"
516,1,3,4,0.34554394680980494,"[0, 1, 0, 0, 1, 1, 1]"
517,0,1,1,0.008203893691311054,"[0, 1, 0, 0, 1, 0, 1]"
518,5,4,9,0.47883896183180086,"[1, 1, 1, 0, 0, 0, 0]"
519,0,4,4,0.1821548897318833,"[0, 0, 1, 0, 1, 1, 0]"
520,4.045253923789396,4,8.045253923789396,0.24163981431082424,"[0, 0, 1, 0, 0, 0, 0]"
521,0,1,1,0.07146381348329328,"[0, 1, 1, 1, 0, 0, 1]"
522,0,1,1,0.004872730914870477,"[1, 0, 1, 1, 1, 0, 0]"
523,0,2,2,0.08750828283447126,"[0, 1, 1, 1, 1, 0, 1]"
524,0,1,1,0.04791566838321057,"[1, 1, 0, 1, 1, 1, 1]"
525,6.178100315190206,3.9797974511949574,10.157897766385164,0.4079587652438954,"[0, 0, 1, 1, 1, 0, 1]"
526,1,3,4,0.24571000597629086,"[0, 0, 0, 1, 0, 0, 1]"
527,0,2,2,0.14053581285103206,"[0, 0, 1, 0, 0, 0, 1]"
528,1,4,5,0.24222777383117175,"[0, 0, 0, 0, 0, 0, 0]"
529,7,13.815107697367475,20.815107697367473,0.593211579565224,"[1, 1, 1, 1, 1, 1, 1]"
530,1,2,3,0.2521230592826531,"[0, 0, 1, 1, 1, 1, 0]"
531,2,4,6,0.13836306467850518,"[1, 0, 1, 0, 0, 0, 1]"
532,4,4.805047426814543,8.805047426814543,0.3847093742466803,"[0, 0, 1, 1, 1, 0, 0]"
533,6.2221844375073365,5.388239721245916,11.610424158753252,0.4964030525341757,"[1, 0, 0, 0, 1, 0, 1]"
534,0,1,1,0.0141866182921494,"[0, 0, 0, 0, 0, 1, 1]"
535,0,1,1,0.011317703971128773,"[0, 0, 1, 0, 1, 1, 0]"
536,0,2,2,0.45022434434995406,"[0, 0, 0, 1, 0, 1, 1]"
537,0,4,4,0.3397789918026344,"[0, 1, 1, 1, 0, 1, 0]"
538,0,1,1,0.16930916056142972,"[0, 1, 1, 1, 0, 1, 0]"
539,0,1,1,0.09575247777709323,"[1, 1, 0, 1, 1, 0, 0]"
540,7.220294199658848,11.002151751725048,18.222445951383897,0.2908674645605709,"[1, 1, 1, 1, 1, 1, 0]"
541,0,1,1,0.06687254083975452,"[1, 0, 0, 1, 1, 0, 1]"
542,0,1,1,0.03493948010406045,"[0, 0, 1, 0, 1, 1, 0]"
543,0,1,1,0.03981338706070153,"[0, 1, 0, 0, 0, 0, 0]"
544,0,1,1,0.09256590405601822,"[0, 1, 1, 0, 0, 1, 0]"
545,1,4,5,0.49526132755107977,"[1, 1, 0, 0, 1, 0, 1]"
546,0,1,1,0.016904083611985088,"[1, 0, 0, 0, 1, 1, 0]"
547,2,2,4,0.22992411870749438,"[1, 0, 1, 1, 0, 1, 0]"
548,7,6.3166060555115315,13.316606055511532,0.4733818896575386,"[0, 0, 1, 1, 0, 1, 1]"
549,0,2,2,0.37367185279620774,"[0, 0, 0, 0, 0, 0, 0]"
550,0,2,2,0.07815353911704598,"[1, 1, 1, 1, 1, 1, 0]"
551,3,4.014193503894183,7.014193503894183,0.01925451620304766,"[0, 0, 0, 1, 1, 1, 0]"
552,0,2,2,0.0755030047748575,"[1, 1, 1, 0, 1, 1, 1]"
553,0,1,1,0.07439083040614614,"[1, 0, 0, 1, 1, 0, 1]"
554,1,2,3,0.09110817149361458,"[0, 0, 1, 1, 0, 0, 0]"
555,7,10.963545654392188,17.96354565439219,0.3091081580645748,"[1, 1, 1, 0, 1, 0, 1]"
556,0,2,2,0.09932534291881978,"[0, 1, 1, 0, 1, 1, 1]"
557,1,2,3,0.10730005621982358,"[0, 0, 0, 1, 0, 0, 1]"
558,0,1,1,0.0321325637066644,"[0, 0, 1, 1, 0, 0, 0]"
559,0,2,2,0.07758561850160278,"[1, 0, 0, 0, 1, 1, 0]"
560,0,1,1,0.08891177849283805,"[0, 1, 0, 1, 0, 0, 1]"
561,0,1,1,0.021769264402831418,"[0, 1, 1, 0, 1, 0, 1]"
562,0,1,1,0.06808040599747775,"[0, 0, 0, 0, 0, 1, 0]"
563,0,1,1,0.07850874985404144,"[1, 0, 1, 0, 1, 1, 1]"
564,4,6,10,0.1565710486731072,"[0, 1, 0, 1, 0, 0, 1]"
565,15,12.484007283228337,27.484007283228337,0.4588092189220876,"[1, 1, 1, 1, 0, 1, 0]"
566,1,3,4,0.30018462830938575,"[1, 1, 0, 1, 0, 0, 1]"
567,3,5,8,0.5207117151967948,"[0, 0, 1, 1, 1, 1, 0]"
568,3,2.0684049406445952,5.068404940644595,0.03883983849516434,"[1, 0, 1, 1, 0, 0, 1]"
569,0,1,1,0.044746134835713325,"[1, 1, 0, 1, 0, 0, 0]"
570,0,1,1,0.09956423738231543,"[0, 1, 1, 0, 1, 0, 1]"
571,1,3,4,0.14178184469156668,"[0, 0, 1, 1, 1, 0, 0]"
572,0,1,1,0.0016364447073167754,"[1, 1, 0, 0, 0, 0, 0]"
573,1,4,5,0.1451319261865575,"[0, 0, 0, 1, 1, 1, 1]"
574,0,1,1,0.2377297836317593,"[1, 1, 1, 0, 0, 1, 1]"
575,3,2.042004598444847,5.042004598444847,0.060418957543349666,"[1, 1, 0, 1, 0, 0, 1]"
576,1,3,4,0.28326610177651323,"[0, 1, 1, 1, 0, 0, 0]"
577,1,3,4,0.29844821236537933,"[1, 0, 1, 1, 1, 0, 0]"
578,0,3,3,0.2511851238460171,"[0, 1, 0, 0, 0, 1, 0]"
579,2,4,6,0.5861198275992666,"[0, 0, 0, 1, 1, 0, 1]"
580,0,2,2,0.28420205339335103,"[0, 1, 0, 1, 1, 1, 1]"
581,0,1,1,0.02766466807864401,"[0, 1, 1, 1, 1, 0, 1]"
582,1,3,4,0.1750600709120211,"[0, 0, 1, 0, 0, 0, 0]"
583,1,7.12461361694977,8.12461361694977,0.09050784757879088,"[0, 0, 1, 0, 0, 1, 1]"
584,0,1,1,0.03967652418437073,"[0, 0, 0, 0, 1, 0, 1]"
585,2,2,4,0.39746130351491293,"[0, 0, 0, 1, 1, 1, 1]"
586,1,2,3,0.05853964493227243,"[0, 1, 0, 1, 0, 1, 0]"
587,6.734648997333313,6.44030568221264,13.174954679545952,0.2746324184452654,"[1, 1, 0, 0, 0, 1, 0]"
588,3.465685423534108,3,6.465685423534108,0.26265969336097406,"[0, 0, 1, 0, 0, 1, 1]"
589,0,1,1,0.051419728208799004,"[0, 0, 0, 0, 0, 1, 1]"
590,4,3.2221844375073365,7.2221844375073365,0.21943697138448667,"[0, 1, 1, 0, 1, 1, 0]"
591,3,4,7,0.5642672867119876,"[0, 1, 0, 0, 0, 1, 0]"
592,0,1,1,0.0213038923432049,"[0, 0, 0, 1, 1, 0, 1]"
593,2,4,6,0.2614316644975445,"[1, 0, 1, 0, 1, 0, 1]"
594,0,2,2,0.01708566812020848,"[0, 1, 0, 1, 1, 0, 1]"
595,0,1,1,0.43239083171347814,"[1, 1, 0, 1, 1, 1, 0]"
596,6,5.077652547609612,11.077652547609613,0.5005142174075639,"[1, 0, 0, 1, 0, 0, 0]"
597,1,3,4,0.08621290628454231,"[0, 1, 0, 1, 1, 0, 0]"
598,0,2,2,0.023831062398241898,"[1, 1, 1, 1, 1, 1, 0]"
599,0,1,1,0.07268858895011607,"[1, 0, 1, 0, 0, 0, 0]"
600,0,2,2,0.046227009293072135,"[0, 1, 1, 1, 1, 0, 1]"
601,2,4.447524556018982,6.447524556018982,0.4994952750213719,"[1, 1, 0, 1, 0, 0, 1]"
602,1,2,3,0.06197255117676756,"[1, 1, 0, 0, 0, 1, 0]"
603,0,1,1,0.011501040365930776,"[0, 1, 1, 1, 0, 0, 1]"
604,1,2,3,0.04840423715531425,"[1, 0, 0, 1, 1, 0, 0]"
605,2,3.2009746406394273,5.200974640639427,0.22046984544397694,"[1, 0, 0, 0, 0, 1, 1]"
606,0,1,1,0.01040727679743439,"[0, 1, 0, 0, 1, 0, 1]"
607,1,3,4,0.533276984284329,"[0, 0, 0, 1, 1, 0, 0]"
608,0,1,1,0.07391942921589473,"[0, 0, 1, 0, 1, 1, 0]"
609,0,1,1,0.00327664204861261,"[1, 1, 1, 1, 1, 0, 0]"
610,0,1,1,0.0033159745097072757,"[1, 1, 1, 1, 0, 1, 1]"
611,0,1,1,0.07089816240927255,"[1, 0, 1, 0, 1, 0, 0]"
612,1,3,4,0.12133491309103667,"[0, 1, 1, 0, 1, 1, 0]"
613,0,1,1,0.008797743747510495,"[0, 1, 0, 1, 0, 0, 0]"
614,3,6,9,0.35814073031667637,"[1, 0, 0, 1, 0, 0, 0]"
615,0,1,1,0.09870533836394685,"[0, 1, 1, 0, 1, 0, 0]"
616,0,1,1,0.02324756348448681,"[0, 1, 0, 0, 0, 0, 0]"
617,0,3,3,0.48983296098126916,"[0, 0, 1, 1, 1, 0, 1]"
618,5,3,8,0.4857000527456661,"[0, 0, 0, 1, 1, 0, 0]"
619,0,2,2,0.05394323613675345,"[1, 1, 0, 1, 1, 0, 0]"
620,0,2,2,0.13852370297545352,"[1, 1, 0, 0, 0, 1, 1]"
621,0,1,1,0.08174401773076462,"[0, 1, 1, 0, 0, 1, 0]"
622,0,1,1,0.09373561916590462,"[1, 1, 0, 0, 0, 1, 1]"
623,2,3,5,0.22234633331201412,"[0, 0, 1, 0, 1, 1, 0]"
624,1,2,3,0.4582805869250527,"[1, 0, 1, 1, 1, 0, 1]"
625,2,5.4853097110802524,7.4853097110802524,0.5658938196995617,"[0, 1, 0, 1, 0, 1, 1]"
626,0,2,2,0.4828743912127579,"[1, 0, 0, 1, 1, 1, 0]"
627,4,5,9,0.5276414883153191,"[1, 0, 1, 1, 1, 0, 0]"
628,1,2,3,0.07128546731634083,"[0, 0, 0, 0, 0, 1, 0]"
629,0,2,2,0.033329932655421335,"[0, 0, 1, 0, 1, 1, 0]"
630,2,3,5,0.0542843041191558,"[1, 1, 1, 0, 0, 0, 1]"
631,10.620667111830802,10.216665602099415,20.837332713930216,0.4595672794976148,"[1, 0, 1, 0, 0, 1, 1]"
632,1,6,7,0.4423577731727465,"[0, 0, 0, 1, 0, 1, 1]"
633,0,1,1,0.3489342491815809,"[1, 1, 1, 0, 0, 1, 1]"
634,4.123301414685807,7.83521796657754,11.958519381263347,0.46824293023083574,"[0, 0, 1, 1, 1, 1, 0]"
635,0,2,2,0.45809788637776583,"[1, 0, 0, 0, 1, 1, 1]"
636,0,1,1,0.09993136809261538,"[1, 0, 0, 0, 0, 1, 1]"
637,0,1,1,0.016699036076184143,"[0, 0, 0, 0, 0, 0, 1]"
638,0,1,1,0.032659847010895,"[0, 1, 0, 1, 1, 1, 0]"
639,9.275527685140153,7.5830077072383535,16.858535392378506,0.44405293158744674,"[1, 0, 1, 1, 1, 0, 1]"
640,0,3,3,0.04838914087809712,"[1, 0, 1, 1, 0, 1, 0]"
641,2.2950329789759136,3,5.295032978975914,0.3284212146032911,"[0, 1, 1, 0, 1, 0, 0]"
642,2,2,4,0.2037935878074569,"[1, 0, 0, 0, 0, 0, 1]"
643,0,1,1,0.04825666657424346,"[0, 0, 1, 0, 1, 1, 1]"
644,1,3,4,0.03221143313306615,"[1, 0, 1, 0, 1, 0, 0]"
645,0,1,1,0.05967179938095718,"[0, 0, 0, 1, 0, 0, 0]"
646,3,6,9,0.47082573162191776,"[1, 1, 1, 0, 0, 0, 0]"
647,0,1,1,0.07827492493439966,"[1, 1, 0, 0, 0, 1, 0]"
648,0,1,1,0.02129739653300547,"[1, 0, 1, 0, 1, 0, 0]"
649,4,5.504859514227551,9.504859514227551,0.569340111487295,"[1, 0, 1, 0, 0, 1, 1]"
650,0,1,1,0.02548981997477609,"[0, 0, 0, 0, 1, 1, 1]"
651,0,1,1,0.016307593467423886,"[1, 1, 1, 1, 0, 0, 0]"
652,0,1,1,0.08692801100305786,"[0, 0, 1, 1, 1, 1, 0]"
653,0,2,2,0.19195016959888397,"[0, 0, 0, 1, 0, 0, 1]"
654,1,4,5,0.1250058410872668,"[1, 1, 1, 1, 0, 1, 1]"
655,0,8.241715452233633,8.241715452233633,0.2716590111914422,"[1, 1, 1, 1, 1, 1, 0]"
656,0,1,1,0.1609818802613033,"[1, 1, 0, 1, 1, 0, 0]"
657,0,4,4,0.2891814438647945,"[0, 1, 1, 1, 0, 0, 0]"
658,0,1,1,0.07709014915525142,"[0, 1, 1, 0, 0, 0, 0]"
659,2,3,5,0.22555534438030764,"[1, 0, 1, 1, 0, 0, 1]"
660,1,2,3,0.09996135129349035,"[1, 1, 0, 1, 0, 1, 1]"
661,1,3,4,0.4414530176828887,"[0, 0, 1, 1, 1, 1, 1]"
662,2,3,5,0.25602720878954643,"[1, 1, 0, 1, 0, 0, 0]"
663,0,2,2,0.2099355523463111,"[0, 0, 1, 0, 1, 1, 1]"
664,2,3.177542595573924,5.177542595573923,0.20191366625286608,"[0, 1, 0, 1, 0, 0, 0]"
665,1,2,3,0.08448738577502601,"[1, 1, 0, 1, 0, 1, 0]"
666,2,6,8,0.5658031969679889,"[1, 1, 1, 0, 0, 0, 1]"
667,0,1,1,0.05264840101905696,"[1, 0, 1, 0, 0, 0, 1]"
668,1,2,3,0.07393990146511314,"[0, 1, 1, 1, 0, 1, 0]"
669,0,1,1,0.11721203539026465,"[1, 0, 1, 0, 1, 0, 1]"
670,0,1,1,0.04605474508549717,"[1, 1, 1, 1, 0, 0, 1]"
671,2,3,5,0.5623839914319472,"[0, 0, 0, 1, 1, 1, 1]"
672,0,2,2,0.3679044439095911,"[1, 0, 0, 0, 1, 1, 0]"
673,0,2,2,0.41128981380161456,"[1, 1, 1, 0, 0, 1, 0]"
674,1,4,5,0.1220024493967064,"[1, 1, 0, 0, 0, 1, 1]"
675,1,2,3,0.02658707405584876,"[1, 1, 0, 0, 1, 0, 0]"
676,0,1,1,0.05767743088129901,"[0, 0, 0, 0, 1, 0, 1]"
677,1.0771681729136784,4,5.077168172913678,0.27297730883487625,"[0, 0, 1, 0, 1, 0, 0]"
678,1,3,4,0.45822166146612875,"[0, 0, 0, 1, 1, 0, 0]"
679,0,1,1,0.00833855412374132,"[1, 0, 0, 0, 0, 1, 1]"
680,1,5,6,0.4726403052522705,"[0, 1, 1, 0, 1, 0, 0]"
681,0,1,1,0.026186132778405147,"[1, 1, 0, 0, 0, 0, 0]"
682,0,2,2,0.3647839283076818,"[1, 0, 0, 1, 0, 1, 1]"
683,0,1,1,0.09348932394642981,"[0, 1, 0, 0, 0, 0, 0]"
684,0,3,3,0.31303777922411513,"[1, 0, 0, 1, 0, 1, 0]"
685,0,2,2,0.06178370813868311,"[1, 1, 1, 0, 0, 0, 1]"
686,0,1,1,0.0019969648035043364,"[0, 1, 1, 1, 1, 0, 0]"
687,1,2,3,0.07941041865652959,"[0, 1, 0, 0, 1, 0, 1]"
688,0,1,1,0.07226194450129203,"[0, 0, 0, 1, 0, 1, 0]"
689,1,2,3,0.02631192384200315,"[0, 0, 0, 1, 1, 0, 1]"
690,0,4,4,0.557428220128212,"[0, 0, 0, 1, 1, 0, 0]"
691,4,3.5253847129808067,7.525384712980807,0.36356335777378623,"[0, 0, 1, 1, 0, 0, 1]"
692,1.0459493732322866,5.23988802889531,6.285837402127596,0.26852083961369777,"[1, 0, 0, 1, 0, 1, 1]"
693,1,4,5,0.47008649023778926,"[1, 0, 1, 0, 0, 1, 0]"
694,1,2,3,0.07224968834613588,"[0, 1, 1, 1, 1, 1, 0]"
695,3,3,6,0.4580581862965538,"[1, 1, 0, 1, 1, 1, 1]"
696,3.1244710905010793,4.020930877493986,7.145401967995065,0.011956614996643161,"[0, 0, 1, 1, 1, 1, 0]"
697,3,5,8,0.5402586333654603,"[1, 1, 0, 1, 0, 0, 0]"
698,0,1,1,0.08698132501003414,"[1, 1, 1, 0, 0, 0, 0]"
699,2,3,5,0.42641137701815124,"[0, 0, 1, 0, 1, 0, 0]"
700,1,3,4,0.5258687122809493,"[1, 0, 0, 0, 1, 1, 1]"
701,1,3,4,0.3045863805299419,"[0, 1, 1, 0, 1, 0, 1]"
702,0,1,1,0.02445265479510686,"[0, 0, 1, 0, 0, 1, 0]"
703,8.180811277742302,6,14.180811277742302,0.5801136335249893,"[0, 0, 1, 1, 1, 1, 1]"
704,0,2,2,0.17608321798473422,"[0, 1, 1, 1, 1, 0, 0]"
705,2,3.237373526064629,5.237373526064629,0.32381613401914655,"[0, 1, 1, 0, 1, 1, 0]"
706,2,2.0940092869835243,4.094009286983525,0.10410810293094924,"[1, 0, 1, 0, 0, 0, 1]"
707,0,4,4,0.473923265751221,"[0, 0, 1, 0, 0, 0, 1]"
708,2,3,5,0.4501698168117021,"[0, 0, 1, 0, 0, 1, 0]"
709,0,1,1,0.006683504059818768,"[0, 0, 1, 1, 0, 1, 0]"
710,0,1,1,0.030887069505706827,"[1, 1, 0, 0, 1, 0, 0]"
711,2,5,7,0.5023749092368747,"[0, 1, 1, 1, 0, 0, 0]"
712,2,3,5,0.28956870683165725,"[0, 0, 0, 0, 0, 1, 0]"
713,0,1,1,0.0020487348375160253,"[1, 0, 1, 1, 0, 0, 0]"
714,3,4,7,0.5615388934755648,"[0, 0, 1, 0, 0, 1, 0]"
715,0,2,2,0.0665717438883992,"[1, 0, 1, 0, 0, 0, 1]"
716,0,3,3,0.40420277701394336,"[0, 1, 1, 0, 0, 0, 0]"
717,1,3,4,0.11158455350649127,"[1, 0, 0, 1, 1, 1, 0]"
718,0,2,2,0.05403047282291523,"[0, 1, 1, 0, 0, 1, 0]"
719,1,2,3,0.05827880779651118,"[0, 0, 0, 0, 0, 0, 1]"
720,0,2,2,0.08129319387955541,"[1, 0, 0, 1, 0, 0, 0]"
721,0,2,2,0.07763458345491342,"[0, 1, 0, 1, 0, 0, 0]"
722,3,5.275527685140153,8.275527685140153,0.49776424250421314,"[1, 0, 0, 0, 0, 1, 0]"
723,1,2,3,0.09121472885470644,"[0, 1, 1, 1, 0, 0, 0]"
724,0,3,3,0.4068854052238755,"[0, 0, 0, 1, 0, 1, 1]"
725,0,6,6,0.4856801495696573,"[1, 0, 1, 0, 0, 1, 0]"
726,2,3,5,0.4778935150685979,"[0, 0, 0, 1, 0, 0, 0]"
727,3,5,8,0.1674251922001728,"[1, 0, 1, 0, 1, 0, 0]"
728,2,3.2911040894408194,5.29110408944082,0.3218586567197468,"[1, 0, 0, 1, 1, 0, 1]"
729,1,4,5,0.3262384845979427,"[1, 1, 1, 1, 1, 0, 0]"
730,2,3,5,0.14375969714939868,"[0, 1, 0, 1, 0, 1, 1]"
731,2,3,5,0.32302422657902163,"[0, 1, 0, 0, 1, 1, 0]"
732,1,2,3,0.011464176388907427,"[0, 0, 0, 1, 0, 0, 0]"
733,1,2,3,0.2968148063744872,"[1, 0, 1, 1, 0, 1, 0]"
734,0,1,1,0.06736248109882187,"[0, 1, 0, 0, 0, 0, 0]"
735,1,2,3,0.1941245063093848,"[1, 0, 1, 0, 0, 0, 0]"
736,0,1,1,0.08470644153844914,"[1, 1, 0, 1, 0, 0, 1]"
737,1,3,4,0.42884254170114977,"[0, 1, 1, 0, 1, 1, 1]"
738,5,6.142060991245909,11.14206099124591,0.31446754981336256,"[1, 0, 0, 1, 1, 0, 0]"
739,0,1,1,0.05530451140330234,"[0, 0, 1, 0, 0, 1, 1]"
740,2,3,5,0.5104875640721186,"[0, 1, 1, 0, 1, 0, 1]"
741,1,4,5,0.5830912485183899,"[1, 0, 0, 1, 0, 1, 0]"
742,3,7,10,0.5838717559132272,"[0, 1, 0, 1, 1, 1, 1]"
743,2,5,7,0.562145327891563,"[0, 0, 0, 1, 1, 0, 1]"
744,0,1,1,0.30372906808326827,"[1, 0, 0, 1, 1, 1, 0]"
745,0,1,1,0.022237196592276992,"[1, 0, 0, 1, 0, 0, 0]"
746,0,2,2,0.29994174558037956,"[0, 0, 1, 1, 0, 1, 1]"
747,0,2,2,0.038586510781804556,"[1, 0, 1, 0, 0, 0, 1]"
748,0,3,3,0.3062083687083358,"[1, 1, 0, 1, 0, 0, 1]"
749,0,1,1,0.06773751192143168,"[0, 1, 0, 1, 0, 1, 0]"
750,0,1,1,0.09066913385261766,"[0, 1, 0, 1, 0, 0, 0]"
751,0,1,1,0.023594375266014517,"[0, 0, 0, 1, 1, 0, 0]"
752,0,1,1,0.009026053286316643,"[1, 0, 1, 1, 0, 0, 0]"
753,0,1,1,0.08705581367448487,"[1, 0, 1, 0, 0, 1, 1]"
754,0,3,3,0.035391099230879325,"[1, 0, 1, 1, 1, 1, 0]"
755,3,2.0621158964864583,5.062115896486459,0.06804719156622749,"[0, 1, 1, 1, 0, 0, 1]"
756,0,1,1,0.09699113313195235,"[0, 1, 0, 1, 1, 1, 0]"
757,0,3,3,0.3153603777232947,"[1, 0, 0, 0, 1, 1, 0]"
758,0,2,2,0.07341706293315914,"[0, 0, 0, 0, 0, 0, 0]"
759,2,5,7,0.320220231855182,"[1, 0, 1, 0, 0, 1, 0]"
760,3.171260717492183,8,11.171260717492183,0.39308728694858386,"[0, 1, 0, 0, 1, 0, 1]"
761,0,1,1,0.007792885041953024,"[0, 1, 0, 0, 0, 1, 1]"
762,1,2,3,0.022828859786391514,"[1, 1, 0, 0, 1, 0, 1]"
763,0,1,1,0.09523530593746196,"[1, 0, 1, 1, 0, 0, 0]"
764,0,1,1,0.00981336438721414,"[1, 1, 1, 1, 1, 0, 1]"
765,1,2,3,0.22798030146268453,"[1, 1, 1, 1, 0, 0, 1]"
766,0,1,1,0.15572976869563102,"[0, 0, 0, 0, 1, 0, 1]"
767,0,3,3,0.4628592241042958,"[1, 0, 1, 1, 0, 0, 1]"
768,0,1,1,0.02972879437562312,"[0, 0, 0, 0, 1, 1, 1]"
769,6.519295678830478,2.189021311480629,8.708316990311108,0.13117263350202008,"[1, 0, 1, 0, 1, 1, 1]"
770,0,1,1,0.05054739451345125,"[1, 1, 0, 0, 1, 0, 0]"
771,6,7.076912337114122,13.076912337114122,0.35178843462576903,"[1, 1, 1, 1, 1, 0, 1]"
772,5,4.3798968704996515,9.379896870499651,0.42858558025166127,"[1, 1, 1, 0, 1, 1, 0]"
773,0,1,1,0.007248312540609397,"[1, 0, 1, 0, 0, 0, 0]"
774,0,1,1,0.44452978492814943,"[1, 0, 1, 1, 1, 0, 0]"
775,0,1,1,0.46258872856704225,"[1, 0, 0, 0, 1, 1, 1]"
776,1,2,3,0.08425142823677695,"[0, 0, 1, 0, 1, 1, 0]"
777,0,1,1,0.24995812320730923,"[0, 1, 1, 0, 1, 1, 0]"
778,2,3,5,0.006721388317857985,"[0, 0, 1, 0, 0, 0, 1]"
779,0,3,3,0.46708640939543533,"[1, 0, 1, 0, 0, 1, 0]"
780,2,3,5,0.2183908310990361,"[0, 0, 1, 0, 0, 0, 1]"
781,0,1,1,0.07226287048368168,"[0, 1, 1, 0, 0, 0, 1]"
782,0,1,1,0.013037371183588331,"[1, 1, 1, 1, 1, 0, 1]"
783,1,3,4,0.38766300509590657,"[0, 1, 0, 0, 1, 1, 1]"
784,3,5.286171307576764,8.286171307576764,0.40441305816928486,"[1, 0, 0, 1, 1, 1, 0]"
785,2,3.3226021593464394,5.32260215934644,0.3598857225226798,"[0, 1, 1, 0, 0, 1, 1]"
786,2.2089999191903655,3,5.208999919190365,0.4427255149599839,"[1, 0, 1, 0, 1, 1, 1]"
787,1,2,3,0.07959444310097102,"[1, 0, 1, 1, 0, 0, 1]"
788,2,4,6,0.05935403930477162,"[1, 1, 0, 1, 1, 1, 0]"
789,3,4,7,0.2040014514994156,"[0, 0, 1, 0, 0, 0, 1]"
790,0,1,1,0.028565284275142794,"[1, 0, 0, 0, 1, 0, 0]"
791,0,2,2,0.3693166200833723,"[0, 1, 0, 1, 0, 1, 0]"
792,0,1,1,0.09814669518289962,"[0, 1, 1, 0, 1, 0, 0]"
793,0,1,1,0.01826160529718221,"[0, 1, 0, 0, 1, 1, 1]"
794,9.148117089299353,4.310233196372175,13.458350285671528,0.17221621167065757,"[0, 1, 0, 1, 1, 1, 1]"
795,0,1,1,0.0547912424114933,"[1, 1, 0, 1, 1, 0, 0]"
796,0,1,1,0.0017836684003945946,"[1, 0, 1, 0, 1, 1, 0]"
797,0,1,1,0.01435140786422956,"[0, 0, 1, 1, 1, 1, 0]"
798,2,6.521017790977215,8.521017790977215,0.31504834822802685,"[0, 0, 1, 0, 1, 0, 0]"
799,4,5.805744234658402,9.805744234658402,0.5446245477570895,"[1, 1, 1, 1, 1, 0, 0]"
800,1,3,4,0.2374896358893724,"[0, 1, 1, 0, 1, 1, 1]"
801,0,3,3,0.18956134113186282,"[0, 1, 1, 1, 0, 1, 1]"
802,0,2,2,0.5466620688782828,"[0, 1, 1, 1, 0, 0, 0]"
803,1,5.127755549552458,6.127755549552458,0.22192546438139524,"[1, 1, 1, 0, 0, 0, 1]"
804,0,1,1,0.10424425569164214,"[0, 1, 1, 0, 1, 1, 1]"
805,0,1,1,0.02632449321239,"[0, 0, 0, 0, 0, 1, 0]"
806,0,1,1,0.04599899904380911,"[1, 0, 1, 0, 1, 0, 0]"
807,0,1,1,0.0951354384553269,"[1, 0, 1, 0, 0, 1, 1]"
808,3,12.473687875416765,15.473687875416765,0.5791605790936462,"[1, 1, 0, 1, 1, 0, 0]"
809,0,1,1,0.03378656018031753,"[1, 1, 0, 1, 1, 1, 0]"
810,0,4,4,0.5341403440146536,"[1, 1, 1, 0, 1, 0, 1]"
811,5,6.308267284501805,11.308267284501806,0.3419016150465496,"[0, 0, 1, 1, 0, 1, 0]"
812,4,4,8,0.5094337611946297,"[0, 0, 1, 1, 1, 0, 1]"
813,1,2,3,0.0962768064011924,"[1, 0, 0, 0, 0, 0, 0]"
814,0,1,1,0.019586430532384097,"[0, 1, 1, 0, 0, 0, 0]"
815,1,2,3,0.1977339194377747,"[1, 0, 1, 1, 0, 1, 1]"
816,0,1,1,0.32455815565209434,"[1, 1, 0, 1, 1, 0, 0]"
817,3,4,7,0.586662929115322,"[1, 0, 0, 1, 0, 1, 0]"
818,0,1,1,0.038360312251541934,"[0, 0, 0, 1, 1, 0, 1]"
819,0,2,2,0.016565691547400424,"[0, 0, 1, 0, 0, 0, 1]"
820,1,2,3,0.21192209651358115,"[0, 1, 1, 0, 0, 0, 1]"
821,0,3,3,0.5975277046347452,"[1, 1, 1, 1, 0, 1, 0]"
822,1,2,3,0.1958223150057515,"[1, 1, 1, 1, 0, 1, 1]"
823,3.1906695605775313,6,9.19066956057753,0.2917135800649664,"[0, 1, 1, 0, 1, 1, 0]"
824,0,1,1,0.04334238610610269,"[0, 0, 1, 1, 1, 1, 1]"
825,2,4,6,0.3526059088064364,"[0, 0, 0, 0, 1, 0, 0]"
826,0,1,1,0.08142034999195222,"[1, 0, 0, 0, 0, 0, 0]"
827,0,1,1,0.025252301761406054,"[1, 0, 0, 1, 0, 0, 0]"
828,2,5,7,0.531414912127815,"[0, 1, 0, 1, 1, 0, 0]"
829,1,2,3,0.09061279149222051,"[0, 1, 1, 0, 1, 0, 1]"
830,0,2,2,0.06674882044088631,"[1, 1, 1, 0, 0, 0, 0]"
831,1,2,3,0.4486903472193161,"[0, 0, 1, 1, 0, 1, 0]"
832,4,3.112950677256865,7.112950677256865,0.07993293321768896,"[0, 1, 1, 1, 0, 1, 0]"
833,0,1,1,0.21574393380281706,"[1, 0, 1, 1, 0, 0, 0]"
834,0,1,1,0.00953436731072102,"[0, 1, 1, 0, 1, 1, 0]"
835,1,2,3,0.17406778247488028,"[0, 1, 1, 1, 0, 0, 1]"
836,0,1,1,0.1255634229376102,"[1, 0, 1, 0, 1, 1, 0]"
837,3,4,7,0.13943938615056212,"[1, 1, 0, 0, 0, 1, 1]"
838,0,1,1,0.024357264506579962,"[0, 0, 0, 0, 0, 1, 1]"
839,1,2,3,0.0867575355253038,"[1, 1, 0, 0, 0, 1, 0]"
840,2,4.225171748561381,6.225171748561381,0.24940806422446124,"[1, 0, 0, 1, 1, 0, 0]"
841,3,4,7,0.5101037027877309,"[1, 0, 0, 1, 1, 0, 1]"
842,1,2,3,0.05698330900993004,"[0, 1, 1, 0, 1, 0, 1]"
843,0,1,1,0.01578800506591982,"[0, 1, 1, 1, 0, 1, 0]"
844,1,4,5,0.5301807754088788,"[0, 0, 0, 1, 1, 1, 0]"
845,4.2360263831807305,6.195578540828381,10.431604924009111,0.3274858810481357,"[1, 1, 1, 1, 1, 1, 1]"
846,1,2,3,0.4276778695251675,"[0, 0, 1, 0, 1, 0, 1]"
847,0,2,2,0.12175483166636597,"[1, 0, 0, 1, 0, 0, 1]"
848,0,1,1,0.057861358801547136,"[0, 1, 1, 1, 1, 0, 0]"
849,2,4,6,0.5780559314525799,"[0, 0, 0, 0, 1, 1, 0]"
850,0,1,1,0.05300554774884353,"[0, 1, 1, 1, 1, 1, 0]"
851,0,1,1,0.007260435432694806,"[1, 1, 0, 1, 1, 1, 0]"
852,1,3,4,0.18679880956203096,"[0, 0, 1, 0, 0, 0, 0]"
853,0,2,2,0.003707181361362527,"[0, 0, 0, 0, 0, 1, 0]"
854,0,1,1,0.07298555592882011,"[1, 1, 0, 1, 0, 1, 1]"
855,0,1,1,0.025288926040150206,"[1, 1, 1, 1, 1, 0, 1]"
856,0,2,2,0.11841042245989425,"[0, 1, 1, 1, 0, 1, 1]"
857,0,2,2,0.04635306417941412,"[1, 0, 1, 0, 1, 1, 0]"
858,0,1,1,0.09533601107989387,"[1, 1, 0, 1, 1, 0, 0]"
859,0,1,1,0.06690898285526309,"[0, 0, 0, 0, 0, 0, 0]"
860,3,4,7,0.5404397078812063,"[1, 1, 0, 1, 0, 1, 1]"
861,0,3,3,0.2542697972728246,"[1, 1, 0, 1, 1, 0, 0]"
862,0,1,1,0.08654781448018842,"[0, 0, 1, 0, 1, 1, 0]"
863,0,1,1,0.042345248389835305,"[0, 0, 0, 0, 0, 1, 1]"
864,1,3,4,0.3441041980724965,"[1, 0, 1, 1, 1, 0, 1]"
865,0,1,1,0.02403560862530707,"[0, 0, 1, 1, 1, 1, 1]"
866,0,1,1,0.075691762844979,"[1, 0, 0, 0, 0, 0, 0]"
867,2,4,6,0.25499262968385483,"[0, 0, 1, 1, 0, 0, 0]"
868,0,1,1,0.05298594909163362,"[1, 0, 0, 0, 1, 1, 1]"
869,5,3.5088689860064384,8.508868986006439,0.4101490921195493,"[1, 0, 1, 0, 1, 1, 0]"
870,0,1,1,0.0036283945286566255,"[0, 1, 0, 1, 0, 0, 0]"
871,0,3,3,0.22672208729454366,"[1, 1, 0, 0, 1, 0, 1]"
872,3,4,7,0.48404685645407597,"[1, 0, 1, 1, 0, 1, 0]"
873,0,2,2,0.09893795717161188,"[0, 1, 0, 1, 1, 0, 0]"
874,0,1,1,0.07849361192078663,"[1, 0, 1, 0, 1, 1, 0]"
875,0,1,1,0.08235927379994734,"[1, 1, 0, 1, 1, 0, 1]"
876,0,1,1,0.06245838511911336,"[0, 1, 0, 1, 1, 0, 0]"
877,4,5.489429705046388,9.489429705046387,0.541884546755585,"[0, 1, 0, 1, 0, 1, 1]"
878,1,2,3,0.01621493600311122,"[0, 0, 0, 0, 0, 0, 0]"
879,0,3,3,0.07872543809494875,"[0, 0, 1, 0, 1, 0, 1]"
880,0,1,1,0.08544876057452083,"[1, 1, 0, 0, 1, 1, 0]"
881,0,1,1,0.05454312820213067,"[0, 0, 1, 0, 0, 1, 0]"
882,1,3,4,0.09138481315838848,"[0, 1, 0, 0, 0, 0, 0]"
883,3,5,8,0.4427685241672681,"[1, 1, 0, 1, 0, 1, 0]"
884,2,3,5,0.22661358727803568,"[0, 0, 0, 0, 0, 0, 1]"
885,3,4,7,0.5324944802776312,"[0, 0, 0, 0, 1, 1, 0]"
886,3,4,7,0.47593168646136463,"[1, 1, 1, 0, 0, 1, 1]"
887,3,4,7,0.4035583243463209,"[1, 1, 0, 1, 0, 1, 1]"
888,3,4.377610329302748,7.377610329302748,0.522992342126043,"[0, 1, 1, 1, 1, 1, 1]"
889,1,3,4,0.004629531993106589,"[0, 0, 0, 1, 1, 1, 1]"
890,0,1,1,0.01179004681766141,"[0, 1, 0, 1, 1, 1, 1]"
891,0,1,1,0.025310987513348426,"[0, 0, 0, 1, 1, 1, 0]"
892,0,1,1,0.022641351633331336,"[1, 0, 0, 1, 0, 0, 0]"
893,2,4,6,0.4973351578465154,"[0, 0, 0, 0, 1, 1, 1]"
894,0,1,1,0.1760175161170275,"[0, 0, 1, 1, 1, 0, 1]"
895,0,1,1,0.0871072503048908,"[0, 1, 0, 0, 0, 0, 0]"
896,0,2,2,0.3355342550460937,"[1, 0, 1, 1, 1, 0, 1]"
897,3,3,6,0.16782164576161193,"[1, 0, 1, 1, 0, 0, 1]"
898,1,2,3,0.2833858712270927,"[1, 1, 0, 1, 1, 1, 1]"
899,2,5.35880851139193,7.35880851139193,0.3972703830509928,"[1, 0, 1, 1, 0, 1, 1]"
900,5,4.061464016580651,9.06146401658065,0.06786476284446047,"[0, 0, 1, 0, 1, 1, 1]"
901,2,3,5,0.49241369712991057,"[1, 0, 1, 1, 1, 0, 1]"
902,4.296146572066167,4,8.296146572066167,0.5414580746204245,"[1, 1, 0, 1, 0, 0, 1]"
903,0,3,3,0.10735824223182039,"[0, 1, 1, 0, 0, 1, 1]"
904,1,3,4,0.4466199490551065,"[1, 0, 1, 1, 0, 0, 0]"
905,0,2,2,0.07562597166495372,"[0, 0, 0, 1, 0, 1, 0]"
906,0,1,1,0.051432792296154356,"[0, 1, 1, 1, 0, 0, 1]"
907,0,2,2,0.1164573923039906,"[1, 0, 0, 1, 1, 0, 0]"
908,1,2,3,0.09515124522136964,"[1, 0, 0, 1, 1, 0, 1]"
909,0,1,1,0.09732075019844905,"[0, 1, 1, 1, 0, 0, 1]"
910,0,1,1,0.019288465914938685,"[0, 1, 0, 0, 1, 0, 0]"
911,0,4,4,0.43789582845225716,"[1, 1, 0, 0, 1, 1, 1]"
912,0,1,1,0.0425586586484705,"[0, 1, 0, 0, 1, 1, 1]"
913,1,4,5,0.37696525725386754,"[1, 0, 0, 1, 1, 0, 1]"
914,0,3,3,0.448055744435222,"[1, 1, 0, 1, 0, 0, 1]"
915,0,1,1,0.03126189554348657,"[1, 0, 0, 0, 1, 1, 0]"
916,2,4,6,0.3409711848826541,"[1, 0, 0, 1, 1, 0, 1]"
917,0,1,1,0.021239536253327335,"[0, 0, 0, 0, 0, 1, 1]"
918,4,5,9,0.5702291741734428,"[0, 1, 0, 1, 1, 1, 1]"
919,0,3,3,0.41787536820456905,"[1, 0, 0, 1, 0, 1, 0]"
920,1,2,3,0.03740370409541463,"[0, 1, 0, 0, 0, 0, 0]"
921,1,3,4,0.5714898842199457,"[0, 0, 1, 0, 0, 0, 0]"
922,0,2,2,0.2868565079294044,"[0, 1, 0, 1, 0, 0, 0]"
923,0,1,1,0.14140963151431124,"[0, 1, 0, 1, 0, 1, 0]"
924,1,3,4,0.24465766657719742,"[1, 0, 1, 1, 0, 1, 0]"
925,0,1,1,0.01804247823805627,"[1, 1, 0, 1, 0, 1, 1]"
926,2,3,5,0.08274859729271483,"[0, 1, 0, 0, 1, 1, 0]"
927,0,1,1,0.046539927802419834,"[1, 1, 1, 0, 0, 1, 0]"
928,3,5,8,0.5480492914507209,"[1, 1, 1, 0, 0, 1, 0]"
929,1,3,4,0.29672860479371,"[1, 0, 0, 1, 1, 1, 1]"
930,0,3,3,0.5128894307600586,"[0, 1, 1, 0, 1, 0, 0]"
931,0,1,1,0.06189425446355051,"[1, 1, 1, 0, 0, 1, 1]"
932,0,1,1,0.012213652138531539,"[0, 1, 0, 1, 1, 1, 0]"
933,2,5,7,0.49571721980587036,"[0, 0, 1, 1, 1, 0, 1]"
934,0,2,2,0.3901790145924061,"[0, 0, 1, 0, 0, 1, 0]"
935,3,6,9,0.34399229661175024,"[1, 0, 1, 0, 1, 1, 1]"
936,2,4,6,0.3963423365538027,"[1, 0, 1, 1, 0, 1, 0]"
937,1,2,3,0.10415999450457486,"[1, 1, 0, 1, 0, 0, 1]"
938,3,5.4277128804831385,8.427712880483138,0.4691591746132294,"[0, 1, 0, 1, 0, 0, 0]"
939,0,1,1,0.03255370096280999,"[1, 0, 1, 0, 1, 1, 1]"
940,0,1,1,0.006149633392703718,"[1, 1, 0, 1, 1, 0, 0]"
941,0,1,1,0.012239467576146884,"[0, 1, 0, 1, 1, 0, 0]"
942,2,5,7,0.5508760834132518,"[1, 0, 0, 0, 1, 0, 1]"
943,1,4,5,0.31985366321755027,"[0, 0, 1, 0, 0, 0, 0]"
944,0,1,1,0.09311762430165935,"[0, 0, 1, 0, 1, 1, 1]"
945,0,2,2,0.06787065792493216,"[1, 1, 1, 0, 1, 1, 0]"
946,0,1,1,0.020285078534421325,"[0, 1, 0, 1, 1, 0, 1]"
947,0,1,1,0.03565182030387856,"[0, 0, 0, 0, 0, 0, 1]"
948,1,4,5,0.42331169103264754,"[1, 0, 0, 0, 1, 1, 1]"
949,3,4,7,0.343345531335539,"[0, 0, 1, 0, 1, 0, 1]"
950,0,2,2,0.09058682682924818,"[0, 1, 1, 1, 0, 1, 1]"
951,1,2,3,0.26138754605366954,"[0, 1, 0, 0, 1, 0, 0]"
952,1,2,3,0.4156929993212053,"[0, 1, 0, 0, 0, 1, 1]"
953,0,1,1,0.05019109415384701,"[0, 1, 0, 1, 0, 0, 0]"
954,0,2,2,0.08989209495078485,"[0, 1, 0, 0, 0, 0, 0]"
955,0,1,1,0.09056774655958919,"[1, 1, 1, 0, 1, 1, 1]"
956,0,1,1,0.0869504283011136,"[0, 1, 1, 0, 0, 1, 0]"
957,0,1,1,0.12314957002515631,"[1, 0, 1, 0, 1, 0, 0]"
958,0,2,2,0.09534333618042357,"[0, 1, 0, 0, 0, 1, 0]"
959,0,1,1,0.3326427519968196,"[0, 1, 1, 1, 1, 1, 0]"
960,2,3,5,0.4701722216778911,"[1, 1, 0, 1, 0, 0, 1]"
961,0,1,1,0.07702459979193338,"[1, 1, 1, 1, 1, 0, 0]"
962,0,1,1,0.0429427407056176,"[1, 1, 0, 0, 1, 0, 1]"
963,1,2,3,0.05221245002713121,"[1, 1, 1, 0, 1, 0, 0]"
964,0,1,1,0.09290700855886755,"[1, 1, 1, 1, 0, 1, 1]"
965,0,1,1,0.006735961203616525,"[0, 0, 0, 0, 0, 1, 0]"
966,0,1,1,0.012745456976438613,"[0, 1, 0, 1, 1, 0, 0]"
967,0,1,1,0.10806496809817107,"[1, 1, 0, 1, 1, 0, 1]"
968,1,2,3,0.11240742356363792,"[0, 0, 1, 0, 0, 1, 1]"
969,0,2,2,0.3166311712554022,"[0, 0, 1, 0, 0, 1, 0]"
970,0,2,2,0.34956068283667574,"[1, 0, 1, 1, 0, 1, 0]"
971,1,2,3,0.12536662105074287,"[1, 0, 1, 1, 0, 1, 0]"
972,0,2,2,0.09135787689785119,"[0, 0, 0, 0, 1, 0, 0]"
973,2,3,5,0.09828213192532606,"[1, 0, 0, 0, 0, 1, 0]"
974,1,3,4,0.21297094357496713,"[0, 0, 0, 0, 0, 1, 1]"
975,1,2,3,0.5117483128416798,"[0, 0, 1, 0, 0, 0, 1]"
976,1,2,3,0.26371010593557576,"[0, 0, 1, 1, 1, 1, 1]"
977,2,3,5,0.27157267551514985,"[1, 1, 1, 1, 0, 0, 1]"
978,0,2,2,0.14613166910252545,"[1, 1, 0, 1, 0, 0, 1]"
979,1,2,3,0.2949306267842515,"[1, 0, 0, 1, 0, 1, 0]"
980,0,1,1,0.03739111649643931,"[0, 0, 1, 0, 0, 1, 1]"
981,0,1,1,0.03213815763634295,"[1, 1, 1, 0, 0, 0, 0]"
982,1,2,3,0.1821296873236988,"[0, 0, 0, 0, 1, 1, 0]"
983,0,1,1,0.07233471876411668,"[1, 1, 0, 1, 0, 1, 0]"
984,3,5,8,0.48184900052618485,"[0, 0, 1, 1, 0, 1, 1]"
985,2,3,5,0.063446439197623,"[1, 0, 1, 1, 1, 0, 1]"
986,0,2,2,0.25579207225269196,"[1, 0, 1, 0, 0, 0, 1]"
987,4,6.51390591015989,10.51390591015989,0.5696941377103666,"[1, 1, 0, 0, 0, 0, 1]"
988,3,4,7,0.5834356549513227,"[0, 1, 1, 1, 1, 0, 0]"
989,0,1,1,0.023279247809667225,"[1, 1, 1, 1, 1, 0, 0]"
990,2,4,6,0.3882837353147782,"[0, 0, 1, 1, 0, 1, 0]"
991,0,1,1,0.001749834346316398,"[1, 1, 1, 1, 0, 0, 0]"
992,2,3,5,0.3247638553078315,"[1, 0, 1, 0, 1, 0, 0]"
993,0,1,1,0.0435865507582229,"[0, 1, 1, 0, 0, 1, 0]"
994,0,1,1,0.07331318870869558,"[1, 1, 0, 0, 1, 0, 0]"
995,0,1,1,0.1376155096536436,"[1, 0, 1, 0, 1, 1, 0]"
996,0,3,3,0.06651672452011109,"[0, 0, 1, 0, 1, 0, 1]"
997,4,5,9,0.5349215443563647,"[1, 0, 1, 0, 1, 1, 0]"
998,1,2,3,0.11524743002704102,"[0, 0, 1, 0, 1, 0, 0]"
999,1,2,3,0.45182663768880493,"[1, 0, 1, 1, 1, 1, 1]"
